3.1628,4.9454,2.845,4.4421,2.5529,2.455,2.1546,2.3713,2.3665
3.11,4.8819,2.8558,4.4018,2.5287,2.5115,2.1948,2.4416,2.3354
3.11,4.882,2.8158,4.34,2.4624,2.4776,2.1556,2.3068,2.3315
3.0796,4.7522,2.8122,4.3308,2.5195,2.4315,2.1997,2.2755,2.2821
3.0938,4.7215,2.852,4.3373,2.4796,2.5214,2.1463,2.3238,2.33
3.0855,4.7672,2.884,4.3227,2.549,2.4436,2.1778,2.4134,2.2805
3.1519,4.7359,2.9035,4.3813,2.5032,2.5242,2.1723,2.3369,2.3026
3.1759,4.7026,2.8879,4.34,2.5494,2.417,2.1531,2.3735,2.2643
3.1011,4.7557,2.8562,4.3912,2.5794,2.3773,2.1336,2.3317,2.3187
3.1278,4.7236,2.8501,4.3741,2.5712,2.3643,2.1359,2.3121,2.2865
3.1123,4.6604,2.8368,4.3231,2.5306,2.4525,2.1339,2.2758,2.3622
3.2244,4.6143,2.9023,4.4106,2.5451,2.4412,2.1403,2.4214,2.3216
3.1642,4.5905,2.8195,4.4546,2.5535,2.4733,2.1903,2.3556,2.3509
3.1616,4.6416,2.8277,4.4634,2.5626,2.5178,2.2573,2.3945,2.436
3.2065,4.6763,2.8042,4.4423,2.5727,2.4823,2.1676,2.4145,2.2631
3.2118,4.7111,2.799,4.4067,2.6279,2.514,2.2209,2.3489,2.2848
3.1562,4.7066,2.7447,4.2708,2.5403,2.3596,2.1717,2.306,2.2693
3.1624,4.7407,2.7661,4.2949,2.539,2.4713,2.1758,2.3534,2.342
3.1928,4.7501,2.7368,4.3198,2.576,2.4692,2.1574,2.3845,2.327
3.1795,4.7482,2.7334,4.305,2.5329,2.4023,2.156,2.3515,2.304
3.171,4.7598,2.7004,4.2334,2.4371,2.3601,2.1464,2.3252,2.2451
3.1755,4.7442,2.7317,4.2822,2.6018,2.4899,2.175,2.3513,2.3097
3.1223,4.8048,2.7406,4.2759,2.4975,2.4392,2.1105,2.3644,2.3003
3.1269,4.7478,2.7475,4.2866,2.5061,2.3574,2.1587,2.3079,2.2173
3.1091,4.7841,2.7537,4.2439,2.5502,2.3993,2.1789,2.2613,2.2339
3.1149,4.8059,2.6849,4.2047,2.4864,2.3359,2.1696,2.2787,2.3112
3.0858,4.8239,2.6964,4.2641,2.4815,2.3064,2.1497,2.3229,2.2413
3.1139,4.8757,2.6953,4.2661,2.5699,2.378,2.0767,2.3107,2.2763
3.4748,4.9185,2.7277,4.369,2.4343,2.387,2.2213,2.3728,2.2652
3.6209,4.8976,2.68,4.3861,2.5341,2.3076,2.1872,2.3473,2.2767
3.5821,5.0604,2.6686,4.3833,2.5287,2.3477,2.1564,2.305,2.2303
3.6398,5.1271,2.6981,4.3766,2.557,2.357,2.1786,2.3684,2.2516
3.6519,5.1798,2.7093,4.2576,2.5555,2.3758,2.1761,2.368,2.2713
3.672,5.1855,2.6983,4.2042,2.4983,2.4149,2.2128,2.2775,2.2689
3.5957,5.1796,2.7448,4.2346,2.6,2.3972,2.1746,2.3438,2.269
3.7049,5.0955,2.7814,4.2252,2.5624,2.3353,2.1738,2.377,2.3242
3.6214,5.2758,2.8096,4.3585,2.5674,2.3288,2.1882,2.3585,2.3086
3.6114,5.2973,2.8136,4.3388,2.5132,2.4427,2.1835,2.3903,2.2384
3.5565,5.2394,2.817,4.3221,2.5253,2.4244,2.268,2.359,2.2568
3.6455,5.2632,2.8236,4.3175,2.6212,2.4222,2.1369,2.3418,2.3165
3.6595,5.3041,2.778,4.3078,2.3937,2.3135,2.1933,2.341,2.3054
3.6504,5.4164,2.7962,4.3577,2.5109,2.3947,2.1601,2.4198,2.332
3.7309,5.3704,2.7782,4.3197,2.5753,2.3481,2.1263,2.3839,2.3449
3.7936,5.347,2.8384,4.3557,2.5549,2.3302,2.231,2.3492,2.2725
3.646,5.2042,2.8139,4.3577,2.5468,2.3932,2.1489,2.3644,2.3141
3.7091,5.3297,2.8483,4.3635,2.5637,2.3728,2.1649,2.3989,2.2798
3.7612,5.1544,2.8422,4.387,2.4812,2.3851,2.1648,2.33,2.3141
3.6385,5.1753,2.8479,4.3614,2.4926,2.32,2.2033,2.3788,2.2108
3.6114,5.2108,2.8118,4.3933,2.5196,2.3398,2.1866,2.4386,2.2743
3.638,5.156,2.8467,4.4382,2.5241,2.3104,2.1095,2.4812,2.3166
3.7743,5.1738,2.849,4.427,2.396,2.3178,2.2379,2.3655,2.3287
3.6253,5.1636,2.8207,4.4802,2.4542,2.4165,2.2438,2.3879,2.314
3.6791,5.1648,2.8064,4.4604,2.469,2.303,2.2197,2.4014,2.2826
3.7175,5.1897,2.8124,4.4854,2.4791,2.3704,2.21,2.5173,2.3234
3.7727,5.1841,2.8811,4.4321,2.4685,2.3914,2.2026,2.4333,2.2568
3.6124,5.2004,2.8728,4.3537,2.5934,2.339,2.1488,2.3893,2.3269
3.1851,5.1898,2.8642,4.4017,2.5033,2.4141,2.1997,2.432,2.306
3.2386,5.2269,2.8445,4.4009,2.5403,2.3769,2.2782,2.4425,2.3407
3.2221,5.2161,2.7906,4.4076,2.4458,2.2886,2.1497,2.4838,2.3019
3.292,5.2027,2.8338,4.4114,2.5343,2.3856,2.1939,2.4286,2.3338
3.1672,5.2857,2.8445,4.282,2.52,2.4132,2.1087,2.4546,2.3467
3.2997,5.2877,2.8678,4.2422,2.4696,2.3906,2.1282,2.4679,2.3418
3.2001,5.3059,2.8245,4.2322,2.5239,2.3548,2.1413,2.4159,2.3236
3.1993,5.2713,2.8653,4.2654,2.5503,2.2618,2.1145,2.4563,2.3268
3.2543,5.2856,2.8885,4.2882,2.4508,2.3318,2.2095,2.3929,2.2627
3.1907,5.3749,2.8843,4.4536,2.44,2.3098,2.1192,2.518,2.2867
3.1972,5.401,2.9375,4.4542,2.4556,2.326,2.094,2.3465,2.2795
3.2905,5.3492,2.9397,4.4562,2.4301,2.3166,2.1862,2.3633,2.2966
3.3272,5.3753,3.0326,4.486,2.4997,2.367,2.16,2.4521,2.2748
3.2797,5.2532,3.0456,4.5308,2.3978,2.3101,2.1728,2.3818,2.2936
3.4557,5.2721,3.0192,4.4793,2.3838,2.3023,2.2053,2.4449,2.3789
3.4884,5.3094,3.0511,4.4825,2.6004,2.291,2.2034,2.3597,2.2909
3.399,5.2639,3.0433,4.4143,2.3921,2.2476,2.2127,2.4527,2.2983
3.4343,5.2514,3.094,4.4277,2.397,2.241,2.1712,2.4104,2.3366
3.5068,5.3112,3.0303,4.4183,2.4966,2.294,2.1861,2.4277,2.3416
3.4717,5.3102,3.0644,4.4701,2.5078,2.2351,2.2059,2.3694,2.3086
3.4947,5.3124,3.0155,4.4106,2.4004,2.2592,2.1437,2.435,2.3045
3.5844,5.3436,3.0502,4.4994,2.3656,2.2966,2.133,2.416,2.3873
3.4205,5.365,2.9937,4.4626,2.4463,2.2124,2.1557,2.3947,2.258
3.4654,5.3331,3.0609,4.5249,2.4446,2.3209,2.1272,2.4615,2.3585
3.398,5.3393,3.0499,4.4508,2.5465,2.2965,2.1813,2.3375,2.2943
3.4797,5.2742,3.1209,4.4421,2.4917,2.3079,2.1374,2.4793,2.3016
3.4127,5.3173,3.0954,4.4617,2.463,2.248,2.1482,2.4414,2.3358
3.3809,5.2648,3.1101,4.4637,2.4262,2.1754,2.1541,2.4568,2.3014
3.1588,5.3499,3.0914,4.4842,2.4106,2.2767,2.1971,2.4696,2.2748
3.1953,5.3985,3.0889,4.487,2.4246,2.3364,2.2321,2.4893,2.4797
3.1165,5.339,3.0932,4.5206,2.3774,2.2986,2.17,2.4135,2.3838
3.1454,5.3216,3.0521,4.5021,2.4197,2.2998,2.252,2.4076,2.2993
3.1213,5.3042,3.1201,4.5459,2.5553,2.3335,2.2495,2.4263,2.2869
3.141,5.2853,3.1306,4.6022,2.4662,2.3805,2.265,2.4969,2.3506
3.2931,5.2426,3.1796,4.5515,2.4204,2.2923,2.1341,2.4378,2.3477
3.2545,5.2328,3.1404,4.5316,2.4774,2.2443,2.2069,2.442,2.361
3.2976,5.1963,3.1468,4.5272,2.5651,2.2971,2.1774,2.5149,2.4002
3.196,5.1384,3.1353,4.5453,2.4185,2.2822,2.1503,2.4525,2.3527
3.2862,5.0991,3.1366,4.5898,2.5201,2.3029,2.2697,2.4213,2.3277
3.2245,5.0283,3.2043,4.6233,2.3995,2.3129,2.1157,2.5516,2.3564
3.2625,5.0526,3.1549,4.5302,2.4444,2.2345,2.1642,2.4258,2.3272
3.2995,5.0654,3.1162,4.5419,2.3985,2.2407,2.0967,2.4061,2.3615
2.9348,5.0414,3.1457,4.5972,2.4189,2.2075,2.1728,2.3257,2.3807
2.8865,5.0207,3.1091,4.5286,2.4448,2.2435,2.045,2.3921,2.3151
2.8522,4.947,3.1515,4.5997,2.4183,2.1993,2.2433,2.408,2.322
2.866,4.9545,3.1691,4.612,2.439,2.3143,2.1312,2.3388,2.3453
2.8981,4.9624,3.184,4.5786,2.4119,2.2299,2.105,2.3949,2.2864
2.9622,5.009,3.1687,4.632,2.4337,2.2187,2.2129,2.3905,2.3597
2.8368,4.9495,3.1859,4.6174,2.3755,2.2802,2.1637,2.4095,2.408
2.9294,4.9227,3.1849,4.6284,2.4624,2.2215,2.0882,2.3803,2.4024
2.9576,4.9479,3.1707,4.5992,2.4054,2.1943,2.122,2.3258,2.3894
2.9455,4.8721,3.1441,4.6049,2.4655,2.2608,2.1622,2.3918,2.2543
2.8561,4.8921,3.0587,4.5503,2.5044,2.2767,2.0937,2.3226,2.3212
2.9315,4.8217,3.0492,4.5536,2.3813,2.2575,2.1355,2.3448,2.3564
2.9191,4.7862,3.0503,4.5571,2.3989,2.2003,2.1181,2.3047,2.3032
3.0175,4.8545,3.0654,4.6596,2.4347,2.332,2.1556,2.343,2.3982
3.0278,4.8424,3.0781,4.618,2.4744,2.2267,2.155,2.2723,2.2623
3.0473,4.8276,3.0718,4.5933,2.4484,2.202,2.1936,2.3855,2.406
3.0371,4.7683,3.1488,4.5838,2.4168,2.2811,2.1842,2.3647,2.3451
2.927,4.8566,3.0985,4.5469,2.4156,2.2375,2.1588,2.3283,2.2836
2.9768,4.9063,3.136,4.5577,2.3889,2.2193,2.2554,2.2547,2.3031
3.0312,4.9039,3.1615,4.5535,2.396,2.2538,2.1365,2.2669,2.3707
3.035,4.8517,3.2286,4.6046,2.505,2.241,2.173,2.3639,2.3832
3.0693,4.7777,3.2107,4.5802,2.4859,2.2848,2.2708,2.2216,2.2857
3.0045,4.9254,3.1766,4.6218,2.4222,2.2466,2.3007,2.3804,2.3503
3.0641,5.0019,3.2304,4.5784,2.4043,2.2869,2.251,2.2404,2.3111
3.0135,4.9763,3.2105,4.6469,2.3791,2.2973,2.2199,2.3569,2.3133
2.9487,4.9855,3.1621,4.588,2.3855,2.167,2.2345,2.3336,2.2686
3.0128,5.0452,3.1813,4.6172,2.4023,2.2043,2.1849,2.2245,2.2239
2.9952,5.0334,3.1749,4.5098,2.3854,2.263,2.1724,2.2758,2.2561
3.3565,5.0349,3.1572,4.486,2.4641,2.2552,2.2478,2.2987,2.2828
3.3606,4.9458,3.1189,4.5162,2.4486,2.2466,2.1949,2.2026,2.291
3.2757,4.9244,3.0911,4.5812,2.4777,2.221,2.2117,2.2398,2.2571
3.3063,4.943,3.1093,4.6043,2.3992,2.2954,2.1871,2.23,2.3071
3.3424,4.8779,3.0592,4.6263,2.334,2.2491,2.2839,2.2642,2.3579
3.2533,4.8433,3.0545,4.653,2.4139,2.2562,2.2286,2.1953,2.3065
3.3516,4.8455,3.1738,4.7103,2.3409,2.2925,2.2011,2.2125,2.3352
3.2566,4.7877,3.2539,4.6021,2.3989,2.2212,2.2835,2.1984,2.3202
3.1423,4.8126,3.1816,4.5823,2.4405,2.2278,2.2255,2.2246,2.2821
3.3745,4.7647,3.1991,4.6059,2.3525,2.1715,2.3508,2.2401,2.3168
3.3226,4.8326,3.2625,4.6134,2.4007,2.1607,2.232,2.2181,2.3158
3.2974,4.8066,3.327,4.7049,2.3369,2.2279,2.2665,2.1967,2.3001
3.2578,4.7995,3.2686,4.6713,2.4351,2.1884,2.162,2.2136,2.2895
3.3025,4.8539,3.2439,4.696,2.2725,2.2198,2.2092,2.243,2.1818
3.1785,4.7706,3.2428,4.5791,2.3519,2.2407,2.2526,2.1794,2.2605
3.2071,4.7955,3.2508,4.5727,2.3392,2.1538,2.2979,2.1096,2.214
3.4177,4.719,3.2419,4.5822,2.3293,2.2346,2.2593,2.1617,2.3244
3.3426,4.7011,3.2182,4.5541,2.3021,2.1407,2.1865,2.0878,2.217
3.2963,4.6952,3.1783,4.6736,2.3904,2.2084,2.1676,2.2003,2.1781
3.3483,4.6653,3.1715,4.6801,2.3772,2.2071,2.2158,2.1635,2.2637
3.1547,4.6793,3.156,4.6752,2.3626,2.1765,2.2306,2.1051,2.2013
3.3215,4.7308,3.1601,4.7078,2.3278,2.2764,2.243,2.1966,2.2331
3.4273,4.7635,3.1512,4.6613,2.3556,2.2483,2.2193,2.1289,2.2706
3.3,4.7921,3.1223,4.6062,2.3443,2.141,2.1741,2.0803,2.2292
3.3497,4.8509,3.1702,4.6293,2.2704,2.1252,2.1751,2.1615,2.2421
3.3595,4.7857,3.1843,4.6624,2.3454,2.2282,2.2303,2.1192,2.2154
3.3431,4.8212,3.2235,4.6301,2.2289,2.1639,2.1844,2.0748,2.1909
3.4687,4.8145,3.1813,4.6554,2.2647,2.0679,2.2258,2.0729,2.145
3.0049,4.8157,3.2307,4.6309,2.2099,2.111,2.2272,2.0336,2.167
3.05,4.8783,3.2643,4.6255,2.2242,2.1553,2.1658,2.0656,2.2632
2.9699,4.7111,3.2239,4.6223,2.2101,2.0517,2.1422,2.0266,2.1925
3.081,4.7482,3.1933,4.6925,2.197,2.1649,2.2445,2.0737,2.1231
3.0355,4.7181,3.2476,4.6734,2.2591,2.1607,2.182,2.0244,2.1583
2.9841,4.782,3.2278,4.6559,2.194,2.0363,2.182,2.0122,2.1371
3.0547,4.7665,3.2453,4.653,2.2403,2.1273,2.2341,2.0101,2.1
3.0445,4.7207,3.2556,4.6091,2.2154,2.1099,2.2903,2.0412,2.1648
3.0242,4.6447,3.237,4.6134,2.1347,2.0549,2.2587,2.0157,2.1154
3.0585,4.6828,3.2446,4.6326,2.1931,2.1402,2.2472,2.091,2.1223
3.0094,4.6271,3.2345,4.7591,2.2236,2.1106,2.142,2.0269,2.1279
3.0557,4.6896,3.238,4.7369,2.2147,2.1182,2.3164,2.0665,2.1047
2.9417,4.654,3.2103,4.6728,2.2718,2.1142,2.167,1.9856,2.1509
2.9786,4.6883,3.2258,4.6717,2.1768,2.0395,2.2611,2.0031,2.1474
2.8327,4.6977,3.2433,4.6645,2.1934,2.0983,2.2151,2.0141,2.1411
2.7857,4.7008,3.2903,4.719,2.1654,2.1054,2.1673,2.0031,2.078
2.7548,4.5887,3.3228,4.7014,2.2521,2.0488,2.2904,2.0297,2.1698
2.823,4.6356,3.3442,4.7421,2.2595,2.0727,2.1856,2.008,2.1038
2.8027,4.5556,3.3418,4.6353,2.222,2.0542,2.2497,2.043,2.1301
2.8299,4.6069,3.3185,4.6322,2.1451,2.1193,2.1549,2.0603,2.1685
2.805,4.6043,3.2656,4.6799,2.1744,2.1021,2.1753,2.0347,2.1845
2.8052,4.5567,3.2709,4.6151,2.1893,2.0738,2.2403,2.0183,2.0845
2.78,4.6113,3.2094,4.6368,2.1199,2.0977,2.2674,2.0509,2.1193
2.7802,4.646,3.1971,4.5613,2.196,2.068,2.223,2.0354,2.1059
2.8082,4.6669,3.2283,4.6133,2.0977,2.108,2.378,2.0593,2.1352
2.7937,4.712,3.2227,4.6432,2.1369,2.0654,2.387,2.0659,2.1563
2.8371,4.7828,3.1807,4.4603,2.1127,2.0489,2.1269,2.02,2.1185
2.8221,4.8161,3.1408,4.4216,2.1319,2.071,2.2602,2.0536,2.1529
2.8382,4.7813,3.1653,4.4582,2.199,2.0317,2.2584,2.0338,2.0683
2.7518,4.7931,3.1842,4.4025,2.0787,2.0827,2.2688,2.0798,2.1185
2.7345,4.7742,3.169,4.7968,2.0936,1.9915,2.2586,2.0507,2.13
2.7947,4.759,3.2068,4.793,2.1175,2.0577,2.193,2.0591,2.1822
2.7272,4.7981,3.1606,4.8185,2.1271,2.0045,2.253,2.0705,2.0938
2.7568,4.8583,3.1625,4.8556,2.0611,2.0122,2.1421,2.0522,2.1067
2.7808,4.9156,3.1596,4.8083,2.0741,2.0099,2.23,2.0298,2.1349
2.7266,4.9037,3.1295,4.8302,2.0549,2.0045,2.2124,2.0926,2.1194
2.7989,4.9074,3.2023,4.8378,2.0203,2.0363,2.187,2.0523,2.1057
2.7289,4.8792,3.1501,4.7757,2.0988,2.0596,2.1823,2.0359,2.1088
2.7273,4.8741,3.1755,4.6617,2.0349,2.014,2.2656,2.0152,2.137
2.7892,4.8947,3.1491,4.6927,2.0364,2.0342,2.1637,2.1108,2.0982
2.7489,4.9566,3.1102,4.731,2.112,2.0214,2.1767,2.081,2.0782
2.7486,4.9268,3.0834,4.6971,2.0269,2.0139,2.2474,2.0915,2.1484
2.6204,4.8927,3.1579,4.6955,2.0776,2.0538,2.2648,2.0652,2.1703
2.5874,4.9162,3.1339,4.6336,2.0648,2.0086,2.3745,2.0416,2.1404
2.5772,4.9416,3.0878,4.6546,2.075,2.0066,2.3161,2.0484,2.0671
2.5846,4.8767,3.1313,4.6431,2.0745,2.0307,2.2234,2.0445,2.1571
2.5802,4.8211,3.1553,4.6287,2.0415,2.0207,2.2037,2.0842,2.0952
2.5129,4.835,3.0915,4.628,2.0684,2.0809,2.2559,2.0521,2.1102
2.5489,4.8702,3.1538,4.6348,1.9975,2.0199,2.2469,2.0765,2.1318
2.5512,4.8929,3.1116,4.5876,2.0343,2.0056,2.2498,2.0838,2.1736
2.4992,4.8794,3.0671,4.6534,2.015,1.9836,2.2391,2.0411,2.112
2.554,4.8299,3.0692,4.6796,2.0062,2.0131,2.3329,2.0932,2.1437
2.4902,4.8354,3.063,4.6137,2.0477,2.0001,2.3375,2.062,2.0587
2.5601,4.8218,3.0705,4.6506,2.0345,2.0154,2.3514,2.0623,2.1493
2.5671,4.8182,3.0538,4.6552,2.0516,2.0625,2.2679,2.1609,2.0997
2.521,4.8598,3.028,4.6177,1.991,2.0079,2.2893,2.0832,2.1238
2.4139,4.8914,3.0402,4.6509,1.999,1.9528,2.3008,2.071,2.1245
2.4189,4.8748,2.9939,4.6485,1.9769,1.9993,2.3166,2.0735,2.0943
2.3985,4.8862,2.9743,4.5635,2.0398,1.9794,2.2293,2.0912,2.1402
2.4355,4.8558,2.9998,4.5249,1.9797,1.9916,2.238,2.0654,2.1437
2.4417,4.8786,2.9702,4.5226,2.0079,1.9828,2.1805,2.075,2.0931
2.4515,4.8586,2.9712,4.5589,2.0055,1.9982,2.234,2.0194,2.1473
2.4714,4.8841,2.98,4.6257,2.0349,2.0021,2.2672,2.0644,2.093
2.4786,4.8623,2.9652,4.6152,1.993,2.0022,2.3599,2.056,2.1288
2.5143,4.8468,3.0106,4.6178,2.0143,1.9801,2.2295,2.0663,2.1466
2.4738,4.7845,2.9939,4.605,2.0117,2.0447,2.2929,2.077,2.1079
2.4937,4.7293,2.9927,4.5228,2.0078,1.9847,2.272,2.0664,2.1349
2.4775,4.7268,2.9914,4.4991,1.9755,2.009,2.2996,2.0493,2.1296
2.5216,4.7171,3.0093,4.5274,1.9984,2.0455,2.2595,2.1013,2.1248
2.5038,4.7309,3.0085,4.5156,2.0031,1.9833,2.2576,2.0534,2.1133
2.3511,4.7346,2.9996,4.5225,1.9774,1.9911,2.2494,1.986,2.0988
2.3744,4.7673,3.0608,4.5692,1.953,1.9814,2.2289,2.0328,2.1149
2.3782,4.8027,3.0539,4.6066,1.973,1.9933,2.1632,2.0313,2.1144
2.3666,4.8008,3.0745,4.5901,1.9828,1.9909,2.2288,2.0147,2.0978
2.3828,4.7797,3.0197,4.5312,1.9858,1.962,2.2545,2.0767,2.0595
2.3778,4.7674,3.0344,4.4932,2.0162,1.9551,2.217,2.0906,2.1002
2.3498,4.7453,3.0196,4.4676,1.9791,1.9959,2.2522,2.032,2.0931
2.3543,4.7088,3.0118,4.4721,1.9986,1.98,2.1931,2.0551,2.1112
2.3323,4.7634,3.0141,4.5065,1.9925,1.922,2.2359,1.9827,2.0678
2.3751,4.7647,3.06,4.4919,1.9526,1.94,2.2592,1.9908,2.0487
2.3611,4.8468,3.0498,4.4923,1.9809,1.9761,2.2063,1.9812,2.1127
2.3838,4.8007,3.0138,4.4655,1.9568,1.9852,2.1837,1.9905,2.0181
2.3672,4.8897,3.0164,4.4277,1.9792,1.9273,2.1277,1.9641,2.0705
2.3379,4.9272,3.0259,4.4215,1.9593,1.9586,2.1999,1.9747,2.0768
2.1336,4.9615,3.0499,4.4518,1.9688,1.9825,2.1735,1.9382,2.0651
2.1399,4.9368,3.0286,4.4684,1.9978,1.9697,2.1795,1.9635,2.072
2.1479,4.9921,3.0438,4.3378,1.9408,1.9715,2.1414,1.9949,1.9811
2.1236,5.0305,3.0833,4.3229,1.9421,1.9894,2.1504,1.9477,2.0651
2.1463,5.0495,3.1368,4.3628,1.9426,1.942,2.1276,1.9868,2.0525
2.1635,5.0132,3.0897,4.3778,1.9509,1.9437,2.1059,2.0003,2.0344
2.1536,5.0736,3.0862,4.3575,1.9581,1.9906,2.1873,1.9751,2.0643
2.166,5.1555,3.1171,4.4233,1.9116,1.9282,2.2035,1.926,1.9878
2.1563,5.1419,3.0702,4.4199,1.9622,1.9466,2.0958,1.9518,2.0803
2.1831,5.1712,3.0713,4.4623,1.9555,1.9879,2.1916,1.9691,2.0507
2.145,5.1753,3.0768,4.5095,1.9571,1.9269,2.2051,1.968,2.0603
2.1622,5.1939,3.0624,4.4722,1.9212,1.9502,2.1213,1.9384,2.06
2.182,5.0618,3.0754,4.4554,1.9162,1.9115,2.0851,1.9529,2.0467
2.2049,5.1084,3.0608,4.4526,1.9354,1.9316,2.067,1.9543,2.0385
2.258,5.0428,3.0834,4.3719,1.9033,1.9607,2.1177,1.9423,2.0792
2.2719,5.0068,3.0413,4.3075,1.9215,2.012,2.0862,1.9699,2.0382
2.1999,4.9597,3.0273,4.2747,1.8623,1.9724,2.0453,1.9416,2.007
2.2167,4.9412,3.0469,4.2747,1.9093,1.9239,2.1519,1.9464,2.0393
2.2392,4.8854,3.0028,4.307,1.8627,1.8783,2.0513,1.9638,2.0374
2.2348,4.9538,3.0053,4.2814,1.8743,1.8875,2.1239,1.8977,1.9782
2.2384,4.9407,2.9444,4.2719,1.9146,1.9296,2.1257,1.9536,2.0253
2.2003,4.8977,2.9648,4.3056,1.8907,1.9258,2.0647,1.9521,2.0074
2.2228,5.0193,3.0266,4.2379,1.913,1.9466,2.0932,1.9432,2.002
2.2421,5.0336,3.0133,4.2484,1.8898,1.9471,2.0068,1.9574,1.9873
2.2433,5.0856,3.0167,4.2347,1.924,1.8798,2.0257,1.9402,2.0724
2.2268,5.1306,2.9714,4.2546,1.9303,1.8597,2.0381,1.9389,2.0258
2.2826,5.1076,3.067,4.3013,1.8908,1.8813,2.0938,1.9316,2.0287
2.2871,5.0966,3.0861,4.2674,1.8678,1.8689,2.1239,1.9251,1.9843
2.2517,5.1337,3.0521,4.3036,1.8833,1.866,2.0845,1.9291,1.9598
2.4181,5.0834,3.0688,4.2931,1.8603,1.8923,2.0753,1.9228,1.9459
2.3548,5.04,3.053,4.3386,1.8938,1.8956,2.0398,1.93,1.9716
2.3625,5.0306,3.092,4.3417,1.8534,1.8793,2.007,1.8933,1.9892
2.355,5.1608,3.0597,4.3893,1.8799,1.9447,2.0333,1.9374,2.0017
2.3794,5.2058,3.0304,4.3456,1.9302,1.9099,1.9775,1.9501,2.0335
2.3448,5.2067,3.0421,4.3008,1.8996,1.9377,2.0943,1.9727,1.9649
2.3782,5.2238,3.0328,4.2996,1.8547,1.912,2.0357,1.9239,1.9966
2.3413,5.2383,3.0707,4.3006,1.8779,1.9196,2.0763,1.9389,1.9554
2.3822,5.264,3.0429,4.2379,1.894,1.9095,2.1057,1.931,2.0252
2.2788,5.2385,3.0818,4.2732,1.8522,1.8705,2.1329,1.9309,1.9312
2.2934,5.3021,3.0871,4.2854,1.8621,1.8781,2.082,1.9363,1.9567
2.2597,5.297,3.0426,4.2811,1.8681,1.8667,2.1043,1.8833,1.9588
2.2943,5.2262,3.0387,4.285,1.8731,1.8925,2.078,1.8896,1.9525
2.2635,5.2229,3.0557,4.3009,1.8933,1.9076,2.0085,1.9384,1.9781
2.3314,5.2612,3.0644,4.3217,1.884,1.8844,1.9988,1.9702,1.9297
2.2738,5.307,3.0762,4.3457,1.8459,1.8914,2.0313,1.9659,1.9477
2.2676,5.33,3.1156,4.3226,1.8722,1.8835,2.0138,1.9527,1.9562
2.2549,5.2787,3.1057,4.2654,1.8611,1.8387,2.0047,1.9309,1.9554
2.275,5.3389,3.1557,4.3285,1.8378,1.8969,2.0225,1.967,1.9615
2.2197,5.3733,3.1412,4.331,1.8501,1.8696,2.0407,1.9717,1.9966
2.2758,5.4205,3.1998,4.3321,1.903,1.9038,1.9869,1.9862,1.9527
2.2885,5.4941,3.1194,4.284,1.8985,1.86,1.9672,1.9426,1.9597
2.2875,5.4688,3.1349,4.2847,1.8871,1.831,1.9864,1.9534,2.0377
2.2509,5.4496,3.1472,4.2597,1.9016,1.8407,1.9843,1.9583,1.9869
2.2956,5.4874,3.1698,4.3017,1.8349,1.8302,2.0563,1.9521,1.9581
2.257,5.4439,3.1712,4.3063,1.8551,1.8614,1.9658,1.956,1.9431
2.3066,5.4743,3.1892,4.2931,1.8238,1.8457,1.9488,1.9626,1.9535
2.1075,5.4061,3.2071,4.3052,1.8634,1.8768,2.0103,1.9621,1.9678
2.0629,5.4107,3.1749,4.3259,1.8418,1.8364,1.9542,1.9286,1.9453
2.0704,5.3964,3.173,4.2693,1.8419,1.8509,1.8869,1.9729,1.9511
2.0529,5.3983,3.2146,4.2918,1.8565,1.849,1.9956,1.8946,1.9768
2.1075,5.4278,3.2466,4.3025,1.8556,1.8669,1.9969,1.9571,1.9523
2.0803,5.44,3.1904,4.2204,1.8361,1.7944,1.9469,1.9718,1.9613
2.0704,5.5155,3.2545,4.2275,1.8218,1.8636,1.9055,1.8999,1.9125
2.0845,5.552,3.2008,4.3213,1.81,1.8363,1.9452,1.9057,1.9685
2.0939,5.4831,3.2574,4.2834,1.7836,1.8362,1.9379,1.9415,1.99
2.1109,5.5385,3.2683,4.2635,1.8135,1.8889,1.9179,1.9104,2.0059
2.1254,5.5524,3.2376,4.2206,1.8382,1.8387,1.9504,1.9143,1.9496
2.057,5.6086,3.2469,4.2143,1.8146,1.8472,1.9869,1.9096,1.9333
2.0446,5.5859,3.2119,4.2043,1.8159,1.8624,1.8977,1.8834,1.9518
2.0285,5.5998,3.2341,4.2249,1.8374,1.8338,1.9533,1.9066,1.9623
1.8936,5.6762,3.2601,4.2407,1.8473,1.8758,1.8903,1.9047,1.9843
1.8929,5.6755,3.2453,4.2497,1.7984,1.8284,1.8819,1.9451,1.9945
1.881,5.5437,3.2405,4.2457,1.8339,1.8457,1.9457,1.9058,2.015
1.8751,5.5174,3.2502,4.2762,1.8291,1.8479,1.9769,1.9434,1.9877
1.8993,5.5752,3.1838,4.3158,1.8256,1.8847,1.9021,1.8951,1.98
1.9314,5.5885,3.2404,4.3023,1.846,1.8536,1.9112,1.947,2.0101
1.9104,5.6176,3.2528,4.3136,1.8981,1.8657,1.8638,1.9516,1.9725
1.9192,5.5857,3.2213,4.3336,1.8329,1.8657,1.8568,1.9054,2.0121
1.896,5.5866,3.1964,4.2756,1.8265,1.8696,1.8685,1.894,1.9656
1.9088,5.6257,3.1964,4.2745,1.8201,1.8532,1.9061,1.8748,1.9779
1.9056,5.6069,3.2378,4.2835,1.8459,1.8556,1.9203,1.8737,1.9332
1.9383,5.6281,3.2577,4.3128,1.8466,1.8523,1.8939,1.9234,1.984
1.9223,5.5481,3.2524,4.2119,1.8173,1.8515,1.8858,1.9338,1.9583
1.9148,5.587,3.2375,4.2096,1.8551,1.86,1.8879,1.9049,1.9718
2.0343,5.6093,3.253,4.2562,1.8228,1.8279,1.8805,1.9214,1.9417
2.0244,5.6058,3.2671,4.2688,1.8217,1.8318,1.9224,1.8794,1.9239
2.0495,5.5891,3.2882,4.3136,1.8127,1.8696,1.938,1.8614,1.9665
2.0603,5.5476,3.2973,4.3314,1.8156,1.8446,1.9109,1.8723,1.9654
1.9826,5.6397,3.2854,4.3047,1.8159,1.8408,1.8656,1.8419,1.9715
1.9777,5.6276,3.2555,4.3572,1.839,1.8587,1.9247,1.8701,1.9432
1.9908,5.611,3.2421,4.2369,1.8119,1.8291,1.8648,1.8722,1.9613
2.0143,5.5142,3.2661,4.1992,1.8102,1.8085,1.8213,1.8624,1.9318
1.9982,5.5889,3.2908,4.2033,1.8191,1.8282,1.8596,1.8879,1.9398
2.0363,5.6167,3.359,4.1931,1.7862,1.8104,1.8667,1.8727,1.9443
2.0092,5.5733,3.292,4.1979,1.8147,1.8479,1.8743,1.8305,1.8957
2.007,5.5075,3.2653,4.2003,1.8065,1.7781,1.8487,1.8844,1.891
1.9747,5.5158,3.2734,4.179,1.8175,1.7809,1.8465,1.8493,1.9351
2.0093,5.5509,3.2776,4.2015,1.814,1.8074,1.8847,1.8431,1.9422
2.157,5.6048,3.2884,4.2454,1.8085,1.8558,1.8855,1.8811,1.872
2.1643,5.5512,3.2701,4.2518,1.7979,1.8123,1.8565,1.8719,1.8942
2.1362,5.5727,3.2854,4.2303,1.7988,1.8111,1.8567,1.8197,1.8633
2.1285,5.5529,3.3067,4.2523,1.8685,1.7911,1.8834,1.8417,1.8946
2.0879,5.6949,3.2711,4.212,1.7992,1.7956,1.8776,1.8284,1.87
2.13,5.6482,3.2884,4.226,1.8078,1.8243,1.8816,1.8599,1.9102
2.144,5.6204,3.3296,4.2462,1.8068,1.8109,1.8479,1.8493,1.9268
2.1247,5.6319,3.3554,4.1969,1.8534,1.7863,1.8432,1.8672,1.9017
2.1932,5.6514,3.3339,4.2828,1.8428,1.7869,1.8491,1.8534,1.8886
2.1351,5.7025,3.3299,4.2608,1.7921,1.8176,1.8745,1.8156,1.8834
2.1342,5.7263,3.2725,4.2817,1.8265,1.7785,1.8475,1.7927,1.8716
2.1845,5.747,3.325,4.2718,1.7969,1.789,1.8409,1.8144,1.8953
2.1336,5.7543,3.2749,4.2354,1.8043,1.7699,1.8337,1.8545,1.9028
2.1376,5.735,3.3362,4.2468,1.7672,1.8155,1.8322,1.8325,1.8728
2.1256,5.7568,3.324,4.2289,1.8226,1.8166,1.8042,1.8163,1.8697
2.1063,5.828,3.3161,4.2124,1.7871,1.7627,1.8306,1.8657,1.8262
2.1069,5.8149,3.3096,4.256,1.8104,1.8337,1.8658,1.8117,1.9181
2.144,5.7968,3.326,4.2127,1.7756,1.8421,1.8411,1.8201,1.8302
2.1201,5.7952,3.2807,4.212,1.8164,1.8129,1.8384,1.8343,1.8963
2.1471,5.8362,3.3283,4.1993,1.8163,1.7807,1.7768,1.8594,1.842
2.1454,5.8243,3.3519,4.2081,1.8138,1.774,1.7831,1.8355,1.8503
2.157,5.8324,3.3309,4.2275,1.7734,1.8183,1.7933,1.8221,1.8979
2.1156,5.8189,3.2744,4.204,1.7806,1.796,1.808,1.8365,1.8863
2.0886,5.9125,3.2599,4.2467,1.7848,1.7775,1.8151,1.8501,1.831
2.0956,5.8584,3.2945,4.2576,1.78,1.785,1.7938,1.853,1.861
2.1168,5.8191,3.29,4.2994,1.7982,1.7949,1.7931,1.8404,1.8557
2.1235,5.718,3.2909,4.2873,1.8036,1.7863,1.8143,1.8358,1.8744
2.137,5.7314,3.2891,4.2561,1.7799,1.822,1.7767,1.839,1.8109
2.1063,5.7906,3.3293,4.2921,1.7929,1.7924,1.7626,1.854,1.8268
2.1132,5.7654,3.2751,4.3032,1.7747,1.7891,1.7708,1.8404,1.828
2.1265,5.742,3.3216,4.2949,1.7986,1.834,1.8404,1.8383,1.8456
2.0942,5.7134,3.3137,4.2751,1.7892,1.7975,1.7858,1.8056,1.8283
2.0909,5.683,3.3117,4.2953,1.8069,1.7575,1.78,1.8339,1.808
2.0883,5.7574,3.31,4.2299,1.7585,1.7706,1.7721,1.8146,1.843
2.091,5.8527,3.3162,4.2435,1.7881,1.7789,1.7666,1.8371,1.8037
2.0895,5.8072,3.3428,4.2777,1.7708,1.7707,1.7669,1.8323,1.8413
2.095,5.8252,3.323,4.3071,1.7866,1.7522,1.7565,1.8245,1.7879
2.0947,5.8275,3.2716,4.3102,1.7996,1.7563,1.7934,1.8345,1.8055
2.1149,5.8531,3.3055,4.328,1.7845,1.7616,1.7854,1.837,1.8083
2.1163,5.8952,3.288,4.3506,1.7698,1.7976,1.8058,1.8322,1.8353
2.124,5.9207,3.26,4.3669,1.7761,1.767,1.7447,1.8356,1.7894
2.1154,5.9071,3.3017,4.404,1.8007,1.7991,1.7919,1.8375,1.8053
2.1493,5.8847,3.2614,4.4199,1.7789,1.7725,1.783,1.8269,1.8068
2.1629,5.8863,3.3411,4.4389,1.8019,1.7712,1.8079,1.8531,1.8139
2.1504,5.8879,3.2917,4.4577,1.7903,1.7572,1.7431,1.8179,1.8113
2.1352,5.8488,3.3401,4.4813,1.8031,1.7424,1.7697,1.8049,1.8017
2.1589,5.9565,3.3339,4.4763,1.7688,1.7759,1.8111,1.7627,1.8023
2.1461,5.8953,3.3671,4.4426,1.7797,1.7742,1.7987,1.798,1.7951
2.1521,5.8821,3.3324,4.3217,1.7745,1.742,1.8395,1.7879,1.8516
2.1642,5.9387,3.3174,4.3473,1.7558,1.7689,1.8154,1.8367,1.8678
2.1451,5.9124,3.3286,4.3325,1.7851,1.807,1.8019,1.818,1.8048
2.1509,5.8574,3.3203,4.3443,1.7756,1.7606,1.7898,1.8686,1.8166
2.1642,5.7842,3.3098,4.442,1.8209,1.7607,1.808,1.8338,1.8179
2.1607,5.7489,3.3532,4.4579,1.7826,1.7727,1.8124,1.8097,1.7702
2.1458,5.7181,3.3702,4.3764,1.8009,1.759,1.8263,1.8229,1.8323
2.156,5.7448,3.3932,4.3912,1.7878,1.7498,1.8335,1.8435,1.8023
2.1082,5.6745,3.395,4.4107,1.794,1.7926,1.8308,1.8315,1.8397
2.0846,5.6612,3.4262,4.4466,1.8203,1.7728,1.85,1.8672,1.8206
2.0928,5.7213,3.4176,4.4236,1.8024,1.7691,1.797,1.8423,1.7941
2.1368,5.6835,3.4269,4.4086,1.8026,1.8241,1.8387,1.8568,1.8516
2.1197,5.6454,3.3859,4.4121,1.8226,1.7793,1.8232,1.8615,1.8522
2.1158,5.7096,3.3704,4.4401,1.8523,1.777,1.813,1.8483,1.8538
2.1409,5.6867,3.4095,4.458,1.8108,1.794,1.8064,1.8622,1.8022
2.1645,5.681,3.4038,4.4317,1.8131,1.7962,1.8883,1.898,1.8756
2.1638,5.7185,3.3958,4.4469,1.7894,1.8107,1.8443,1.8448,1.8221
2.1589,5.775,3.4198,4.4169,1.8275,1.7709,1.8207,1.8945,1.8523
2.1459,5.7594,3.3295,4.4063,1.8443,1.8,1.7844,1.8836,1.8404
2.179,5.7103,3.4095,4.4123,1.8114,1.7931,1.7974,1.8954,1.8347
2.1746,5.727,3.4165,4.4643,1.8378,1.7898,1.7988,1.8869,1.8172
2.1924,5.7599,3.4127,4.4274,1.7992,1.7951,1.8393,1.9112,1.8638
2.0963,5.7935,3.4314,4.4006,1.8411,1.8401,1.8587,1.9128,1.8334
2.1416,5.7677,3.3874,4.4291,1.8383,1.8031,1.8344,1.9475,1.8789
2.12,5.8042,3.4377,4.3434,1.8668,1.8368,1.8293,1.9332,1.8562
2.1126,5.8074,3.4022,4.3588,1.8414,1.8491,1.8794,1.9341,1.8718
2.1313,5.8014,3.4311,4.3439,1.8687,1.8508,1.8672,1.9216,1.9063
2.1223,5.8115,3.447,4.395,1.8341,1.8011,1.8438,1.9106,1.9019
2.1273,5.8477,3.4653,4.4176,1.8365,1.8474,1.8902,1.9175,1.8867
2.1186,5.9112,3.4485,4.3849,1.8409,1.8482,1.8607,1.908,1.8578
2.147,5.8779,2.8693,4.4514,1.8737,1.8437,1.8494,1.9679,1.8585
2.145,5.906,2.8671,4.4417,1.8561,1.8615,1.8845,1.9578,1.8526
2.1427,5.9675,2.8461,4.4348,1.8578,1.8673,1.8768,1.9718,1.9057
2.1263,5.979,2.8625,4.4587,1.883,1.875,1.8689,1.9644,1.8732
2.1515,6.0121,2.8727,4.4809,1.8732,1.8948,1.8463,2.0003,1.9
2.14,5.9665,2.9066,4.5086,1.8778,1.8767,1.8619,1.9945,1.9161
2.2196,5.8715,2.9641,4.5052,1.9354,1.8703,1.8606,1.9674,1.8815
2.2042,5.8371,2.9444,4.4808,1.8747,1.8454,1.8755,1.9617,1.9147
2.2175,5.81,2.9187,4.4337,1.8653,1.8455,1.845,1.9417,1.8699
2.1879,5.6989,2.9231,4.4541,1.8866,1.8266,1.8131,1.9783,1.8963
2.1618,5.7191,2.8973,4.4544,1.8831,1.8565,1.8579,1.9513,1.8788
2.1807,5.6691,2.9148,4.4688,1.8992,1.8009,1.8342,1.9687,1.8605
2.1686,5.6881,3.0172,4.4453,1.8501,1.8354,1.8494,1.9513,1.8772
2.1754,5.6959,3.0288,4.4599,1.8681,1.8626,1.8227,1.9673,1.8827
2.1885,5.6812,3.0518,4.5319,1.8967,1.8587,1.8186,1.9858,1.9059
2.2096,5.75,3.0602,4.584,1.8667,1.8567,1.8403,1.9829,1.8693
2.2192,5.7831,3.0904,4.588,1.8632,1.873,1.8539,1.9709,1.9242
2.1931,5.7366,3.0934,4.5652,1.8909,1.8476,1.8991,2,1.9065
2.1997,5.7145,3.0719,4.4635,1.8843,1.8659,1.8949,1.9601,1.9335
2.1802,5.7162,3.0418,4.4416,1.8792,1.8369,1.87,1.9776,1.8995
2.1702,5.6578,2.9898,4.4142,1.8819,1.8782,1.8576,1.9928,1.8923
2.1834,5.7183,3.0302,4.4145,1.8461,1.8581,1.8728,1.9735,1.9359
2.2048,5.6928,3.0789,4.5395,1.915,1.8592,1.9126,1.9909,1.871
2.1967,5.7606,3.0586,4.5422,1.877,1.8492,1.9019,1.9697,1.9365
2.2047,5.7297,3.0801,4.5367,1.8628,1.8296,1.8605,1.9916,1.9232
2.1903,5.6867,3.0155,4.4994,1.8613,1.8347,1.8691,1.9557,1.9419
2.1767,5.7385,2.9855,4.4035,1.8628,1.8017,1.8798,1.9693,1.9169
2.1966,5.7917,3.0658,4.4236,1.8566,1.854,1.874,1.9413,1.8913
2.1954,5.8332,3.0522,4.4484,1.8631,1.8987,1.9429,2.0136,1.9148
2.1941,5.8352,3.0409,4.3787,1.9102,1.8505,1.9067,1.9874,1.9245
2.2118,5.8364,3.048,4.4067,1.9251,1.8611,1.9084,1.9736,1.9664
2.2042,5.7805,3.0282,4.4535,1.8725,1.8601,1.9015,1.9757,1.963
2.1609,5.7577,3.0241,4.4052,1.8966,1.8556,1.9027,1.9845,1.9015
2.1656,5.7816,2.9811,4.3914,1.8451,1.7883,1.8663,1.9966,1.8816
2.197,5.741,3.0227,4.4097,1.8399,1.8532,1.905,1.9895,1.9303
2.1932,5.7074,2.9884,4.3948,1.8556,1.8086,1.9048,1.9945,1.8884
2.1871,5.6501,3.0517,4.3689,1.8518,1.8243,1.8648,1.9823,1.9227
2.1961,5.7094,3.0307,4.3701,1.8953,1.8412,1.8579,1.9599,1.8929
2.2114,5.686,3.0473,4.3543,1.829,1.8506,1.8843,1.9547,1.9026
2.2094,5.6595,3.0413,4.3555,1.8287,1.825,1.9064,1.9807,1.9528
2.2192,5.687,3.0576,4.3015,1.8394,1.8572,1.8986,1.9827,1.9061
2.1964,5.6717,3.0241,4.3286,1.8913,1.8478,1.8929,1.9911,1.9475
2.1957,5.647,3.0556,4.3212,1.8751,1.8482,1.9019,1.9927,1.9374
2.2057,5.6194,3.067,4.3463,1.8987,1.8651,1.8765,1.9977,1.9265
2.1896,5.633,3.0428,4.2952,1.8127,1.8541,1.8624,1.9922,1.8975
2.2074,5.5634,3.0444,4.301,1.8751,1.8762,1.8804,1.974,1.931
2.2216,5.523,3.0264,4.1992,1.8433,1.8328,1.8341,1.9644,1.9018
2.2138,5.5143,2.9958,4.2204,1.863,1.8612,1.8584,1.9549,1.9364
2.1811,5.5858,3.0003,4.1418,1.8395,1.8349,1.8904,1.9762,1.9508
2.1061,5.6076,2.83,4.1051,1.7869,1.7945,1.8631,1.9422,1.946
2.1153,5.6245,2.8805,4.0003,1.8704,1.8275,1.8368,1.9549,1.9281
2.1073,5.6364,2.8754,4.048,1.8138,1.8083,1.8957,1.9133,1.8889
2.1272,5.5542,2.9259,4.0591,1.8453,1.8106,1.8653,1.9507,1.901
2.1116,5.5714,2.8857,4.0588,1.8038,1.8316,1.8904,1.945,1.889
2.0989,5.6997,2.7908,4.2292,1.8367,1.8123,1.8629,1.9744,1.8509
2.1117,5.6707,2.8495,4.2535,1.8399,1.8181,1.8446,1.9486,1.9052
2.1224,5.6298,2.8338,4.2766,1.8411,1.8447,1.8472,1.9281,1.8633
2.1219,5.5954,2.8616,4.3073,1.8101,1.8332,1.8335,1.9341,1.8945
2.105,5.6003,2.8173,4.1757,1.8095,1.8098,1.8307,1.893,1.855
2.1173,5.6133,2.8425,4.2611,1.8455,1.8008,1.8157,1.9166,1.8525
2.1079,5.6154,2.8268,4.301,1.8428,1.8315,1.9011,1.9339,1.9071
2.1326,5.6343,2.8785,4.3021,1.8891,1.8004,1.814,1.921,1.8587
2.1289,5.6644,2.8461,4.3102,1.8132,1.7644,1.8351,1.9072,1.9171
2.1321,5.7176,2.8659,4.2601,1.8532,1.8203,1.8596,1.9465,1.9244
2.1275,5.6689,2.8462,4.2888,1.864,1.822,1.8322,1.9036,1.9157
2.1333,5.6009,2.8273,4.2972,1.8486,1.8573,1.8601,1.9078,1.9069
2.1313,5.4918,2.8584,4.2685,1.88,1.8577,1.8616,1.8857,1.8754
2.1096,5.5534,2.878,4.2845,1.8538,1.8254,1.8993,1.931,1.9054
2.0984,5.5694,2.8667,4.2966,1.8731,1.8283,1.8563,1.9203,1.9008
2.1225,5.5633,2.894,4.3644,1.8579,1.8226,1.8718,1.9557,1.9422
2.1193,5.567,2.8586,4.3858,1.9154,1.8088,1.8706,1.9103,1.9201
2.1003,5.5809,2.8357,4.3905,1.8872,1.8378,1.8566,1.9153,1.924
2.1239,5.5698,2.8268,4.3834,1.892,1.8324,1.8886,1.9195,1.9291
2.1004,5.6797,2.7619,4.3257,1.8715,1.8011,1.8382,1.8813,1.8725
2.082,5.5861,2.7957,4.2069,1.8373,1.833,1.8623,1.9088,1.9187
2.0754,5.6465,2.7588,4.2376,1.8721,1.8181,1.844,1.9119,1.9213
2.1957,5.5711,2.7706,4.2538,1.8842,1.8005,1.8469,1.8817,1.8823
2.1776,5.6356,2.7585,4.2819,1.9105,1.8181,1.8728,1.9144,1.9037
2.1548,5.5701,2.7404,4.3076,1.8597,1.844,1.8471,1.8771,1.9192
2.1387,5.5282,2.8225,4.2514,1.8447,1.8399,1.9127,1.9289,1.9116
2.1704,5.5672,2.856,4.2472,1.852,1.8401,1.8482,1.8775,1.9524
2.153,5.5983,2.8543,4.275,1.9066,1.8207,1.9234,1.8994,1.8741
2.1822,5.5729,2.7957,4.228,1.8387,1.8409,1.8619,1.9073,1.8898
2.1675,5.6033,2.8435,4.2249,1.8944,1.8286,1.8585,1.8936,1.8786
2.1518,5.6106,2.83,4.1717,1.905,1.836,1.8533,1.8874,1.8571
2.1679,5.541,2.8147,4.2216,1.8422,1.8145,1.8447,1.8721,1.8726
2.1703,5.5516,2.7991,4.2543,1.8786,1.8596,1.8987,1.8797,1.9053
2.1672,5.7084,2.7915,4.2118,1.8766,1.8318,1.8469,1.8565,1.904
2.1874,5.7408,2.8508,4.2347,1.8972,1.8921,1.8769,1.8925,1.913
2.1639,5.7049,2.8096,4.235,1.8546,1.8325,1.8662,1.8627,1.8779
2.2008,5.7431,2.7599,4.2211,1.8611,1.8233,1.8805,1.8568,1.8417
2.1805,5.7805,2.7622,4.2882,1.8909,1.8167,1.8921,1.8776,1.8731
2.1938,5.8014,2.7953,4.2423,1.8614,1.8328,1.862,1.8545,1.8386
2.1743,5.8185,2.7024,4.2157,1.8622,1.807,1.8775,1.8694,1.8443
2.1753,5.7638,2.81,4.3109,1.8578,1.8159,1.8814,1.855,1.8464
2.2014,5.8072,2.7099,4.3122,1.8537,1.851,1.8806,1.8462,1.8749
2.2182,5.8839,2.7426,4.3205,1.8857,1.8637,1.8806,1.8532,1.8785
2.1821,5.9071,2.752,4.2983,1.9096,1.858,1.8785,1.8543,1.8975
2.2476,5.8689,2.7673,4.2461,1.8871,1.8472,1.8751,1.855,1.8711
2.2469,5.853,2.7962,4.269,1.893,1.8392,1.8873,1.8576,1.8594
2.2633,5.8384,2.7941,4.3168,1.9432,1.864,1.8392,1.8321,1.8955
2.2616,5.8874,2.7963,4.3038,1.9209,1.8729,1.862,1.8735,1.8973
2.2425,5.8763,2.7738,4.3171,1.8933,1.862,1.8537,1.9207,1.9271
2.2294,5.8291,2.733,4.1838,1.8869,1.8067,1.8397,1.8738,1.921
2.1031,5.842,2.7301,4.21,1.8824,1.8468,1.8605,1.8456,1.891
2.0823,5.8513,2.7608,4.1651,1.8933,1.862,1.8906,1.862,1.8648
2.0539,5.9031,2.7061,4.1951,1.8823,1.837,1.8714,1.8306,1.8348
2.031,5.8433,2.7127,4.145,1.9137,1.8507,1.895,1.8553,1.8251
2.0351,5.7719,2.5835,4.1365,1.86,1.8276,1.8609,1.8611,1.8664
2.0486,5.7525,2.5779,4.1602,1.8832,1.8239,1.8871,1.8785,1.8919
2.0539,5.768,2.5696,4.1744,1.9165,1.853,1.8589,1.857,1.8426
2.017,5.8338,2.5562,4.1419,1.8854,1.7907,1.8417,1.8522,1.854
2.0508,5.8305,2.5553,4.1393,1.8748,1.822,1.9113,1.8439,1.8698
2.0259,5.7762,2.5638,4.137,1.8799,1.7969,1.8352,1.8421,1.8768
2.0433,5.9055,2.68,4.0831,1.9103,1.8416,1.8959,1.8127,1.877
2.0246,6.0057,2.6446,4.0999,1.8683,1.8351,1.9029,1.8629,1.8494
2.0197,6.0593,2.6298,4.0617,1.9241,1.7895,1.8216,1.8565,1.8312
2.0361,5.8912,2.6843,4.0697,1.8637,1.7969,1.852,1.8552,1.8707
2.0829,5.8232,2.6673,4.1255,1.8907,1.8074,1.8873,1.8388,1.8246
2.0714,5.8195,2.6512,4.1276,1.8876,1.8052,1.8332,1.8708,1.8253
2.0855,5.8109,2.5286,4.1542,1.8782,1.8319,1.8833,1.83,1.8626
2.0671,5.775,2.5093,4.1832,1.8989,1.7982,1.8557,1.8523,1.8755
2.0658,5.6395,2.497,4.1458,1.8807,1.7998,1.8367,1.8036,1.8378
2.0742,5.7075,2.5284,4.1536,1.8725,1.833,1.8669,1.836,1.8217
2.0479,5.6647,2.5161,4.0966,1.8928,1.8305,1.8403,1.8596,1.8367
2.0583,5.7023,2.4983,4.1234,1.8641,1.8184,1.891,1.8507,1.7819
2.0594,5.8204,2.6353,4.0864,1.8981,1.8049,1.8429,1.8165,1.8209
2.049,5.8678,2.6171,4.0483,1.8858,1.7964,1.8369,1.8475,1.8072
2.0447,5.9002,2.597,4.0424,1.8499,1.7536,1.867,1.8582,1.7862
2.0473,5.8493,2.5825,4.0276,1.8985,1.7835,1.8146,1.8727,1.8897
2.0469,5.8446,2.5819,4.026,1.8854,1.7769,1.8736,1.8443,1.8181
2.053,5.9002,2.614,4.0082,1.8927,1.7437,1.8281,1.8578,1.7959
2.054,5.9159,2.7025,4.0277,1.8451,1.8186,1.8908,1.8449,1.8607
2.039,5.9079,2.6959,3.9864,1.8974,1.7738,1.8073,1.8527,1.8281
2.041,5.9001,2.6964,3.9689,1.9141,1.7924,1.8451,1.8204,1.8597
2.0375,5.9864,2.6852,3.9961,1.9193,1.792,1.833,1.8651,1.865
2.038,5.8938,2.6999,3.9996,1.8912,1.7849,1.8918,1.8575,1.8163
2.042,5.8675,2.6928,3.9996,1.9139,1.8213,1.8469,1.8757,1.841
2.0339,5.8733,2.6375,4.0021,1.8978,1.7911,1.8495,1.8522,1.8645
2.0266,5.9011,2.6907,4.0022,1.8598,1.7672,1.8677,1.8437,1.8464
2.035,5.841,2.6579,3.9577,1.9024,1.7864,1.8461,1.8655,1.8303
2.0318,5.7967,2.6637,3.9899,1.8556,1.784,1.8749,1.826,1.8256
2.0422,5.7645,2.6932,4.0414,1.9255,1.8199,1.8869,1.8582,1.845
2.0505,5.7784,2.701,4.0465,1.8901,1.8463,1.8465,1.8796,1.8779
2.0683,5.7935,2.804,3.9995,1.9076,1.7842,1.8992,1.8596,1.8616
2.0719,5.8194,2.8071,4.0506,1.9403,1.8351,1.8591,1.8582,1.8901
2.0623,5.758,2.8086,4.055,1.9105,1.8132,1.8974,1.8669,1.8751
2.2581,5.7784,2.8182,4.0619,1.9244,1.8163,1.8852,1.8834,1.84
2.2973,5.795,2.8542,4.1174,1.941,1.8134,1.8504,1.8657,1.8726
2.2851,5.7116,2.8246,4.0616,1.9281,1.7946,1.8699,1.8857,1.9106
2.2346,5.6433,2.8905,4.0542,1.9013,1.8503,1.8815,1.8767,1.8375
2.2781,5.6869,2.8732,4.1362,1.9185,1.834,1.8465,1.8751,1.9117
2.2707,5.6453,2.8492,4.0719,1.9214,1.8124,1.8984,1.8896,1.8492
2.2566,5.6259,2.8563,4.0678,1.9198,1.8345,1.8321,1.8782,1.8282
2.2625,5.6544,2.8905,4.0458,1.9096,1.8052,1.87,1.8947,1.8655
2.2426,5.674,2.8824,4.035,1.9471,1.8333,1.8425,1.8927,1.8202
2.2566,5.7217,2.9709,4.0028,1.9346,1.8234,1.8314,1.8878,1.8441
2.2624,5.7227,2.9417,3.9963,1.9711,1.805,1.8617,1.8963,1.846
2.27,5.6813,2.9551,4.0371,1.9465,1.8408,1.8661,1.8926,1.886
2.3086,5.7269,3.0011,3.9963,1.9174,1.823,1.8548,1.8861,1.8719
2.2686,5.7281,2.9353,4.0074,1.9196,1.7996,1.8619,1.903,1.8947
1.966,5.6604,2.8905,3.9586,1.9301,1.8022,1.8535,1.9029,1.8407
1.9219,5.6925,2.768,4.011,1.9445,1.7978,1.8396,1.9072,1.9001
1.9946,5.7361,2.7384,3.9722,1.9136,1.8673,1.8142,1.874,1.9052
1.9646,5.7273,2.7898,3.9908,1.9147,1.8327,1.8476,1.8714,1.8536
1.9621,5.714,2.7803,4.0129,1.9077,1.8462,1.8617,1.8908,1.8183
1.8969,5.6269,2.7888,4.0265,1.9337,1.8156,1.8425,1.8958,1.8512
1.917,5.7101,2.7753,4.0461,1.9458,1.8375,1.8438,1.9091,1.9117
1.9695,5.7472,2.8499,4.0446,1.938,1.8227,1.8605,1.9059,1.8283
1.9607,5.7168,2.8691,4.0571,1.9212,1.8206,1.8463,1.9109,1.8567
1.9882,5.7462,2.8471,4.1122,1.9308,1.856,1.8916,1.9264,1.8714
1.9326,5.7551,2.8227,4.1026,1.935,1.8483,1.8761,1.9172,1.9033
1.9427,5.7728,2.7925,4.0988,1.9419,1.8466,1.8581,1.8786,1.8753
1.9468,5.8012,2.8224,4.1322,1.946,1.8224,1.8445,1.9253,1.8331
1.9742,5.8316,2.836,4.1101,1.9674,1.8248,1.8793,1.9114,1.9023
2.0767,5.86,2.7539,4.1329,1.9592,1.894,1.8577,1.9383,1.8747
2.0711,5.7956,2.7179,4.0976,1.9143,1.8559,1.9076,1.9433,1.8633
2.0424,5.7935,2.7115,4.1469,1.9775,1.8361,1.8768,1.9409,1.8863
2.0745,5.7685,2.7226,4.2317,1.9698,1.8123,1.8877,1.9113,1.8204
2.0703,5.7567,2.773,4.225,1.9314,1.8282,1.9047,1.9272,1.8662
2.0913,5.7419,2.7298,4.1885,1.9638,1.8463,1.875,1.9443,1.8695
2.0893,5.8468,2.6912,4.1257,1.9899,1.8479,1.8842,1.9551,1.8886
2.0631,5.6821,2.7103,4.0951,1.9593,1.8364,1.8796,1.9587,1.876
2.0981,5.6814,2.7019,4.0687,1.9716,1.8351,1.8644,1.9426,1.8848
2.0712,5.7407,2.7259,4.0462,1.9632,1.8431,1.8992,1.9576,1.8163
2.1114,5.7263,2.6812,4.0161,1.9987,1.8328,1.8755,1.9294,1.8574
2.1007,5.7233,2.5351,4.0513,1.9996,1.85,1.879,1.9618,1.8822
2.0919,5.6818,2.5172,4.0376,1.9964,1.8278,1.8908,1.9556,1.8394
2.0142,5.7164,2.53,4.0612,1.9984,1.8553,1.8761,1.9292,1.9026
2.0129,5.6329,2.5425,4.1573,2.0001,1.849,1.8721,1.9732,1.8765
2.0116,5.6711,2.5258,4.2739,1.9859,1.8614,1.8913,1.979,1.8534
2.0057,5.7028,2.5122,4.2728,1.9856,1.8826,1.8942,1.9683,1.9027
1.9985,5.6388,2.7144,4.294,1.9782,1.8567,1.9191,1.9582,1.8524
2.0405,5.6979,2.7797,4.3147,1.9939,1.9035,1.902,1.975,1.8686
2.0197,5.6847,2.7867,4.2946,2.0235,1.8924,1.8836,1.9778,1.9001
2.0457,5.6624,2.7793,4.3425,2.0291,1.8511,1.9146,1.9933,1.876
2.0103,5.5151,2.7944,4.3012,2.0084,1.8328,1.8765,1.972,1.8935
2.0235,5.5748,2.8164,4.3123,2.0153,1.8867,1.8772,1.9595,1.8551
2.0422,5.4897,2.7884,4.3251,2.0067,1.9087,1.925,1.97,1.9295
2.0136,5.401,2.7238,4.2837,1.9964,1.8764,1.8808,1.9527,1.8529
2.0458,5.5169,2.7565,4.2718,1.9966,1.9193,1.9042,1.9904,1.8506
2.0315,5.5618,2.7588,4.2905,2.0411,1.8981,1.8952,1.9717,1.9147
2.1096,5.6937,2.755,4.2332,2.0225,1.8775,1.8694,1.973,1.9093
2.0965,5.6833,2.6724,4.2112,2.0162,1.8767,1.8809,1.9808,1.8877
2.0716,5.7428,2.6974,4.1782,2.0405,1.9237,1.8843,1.9869,1.91
2.0841,5.8106,2.6895,4.1915,1.9907,1.8973,1.9059,1.966,1.8678
2.07,5.7606,2.6794,4.1456,1.9979,1.8613,1.9076,1.9572,1.8789
2.0688,5.749,2.6899,4.1795,1.9782,1.8481,1.8598,1.9533,1.8823
2.0833,5.7537,2.6822,4.2063,1.9656,1.8671,1.8267,1.9582,1.861
2.0832,5.7348,2.6867,4.2136,2.0043,1.867,1.8553,1.962,1.8607
2.102,5.6716,2.7592,4.2074,2.0257,1.8585,1.857,1.941,1.8867
2.0706,5.7446,2.7231,4.2191,1.9796,1.8536,1.8468,1.9442,1.9046
2.0826,5.7287,2.7795,4.2134,2.0684,1.8896,1.9043,1.9596,1.8819
2.1236,5.6749,2.8072,4.2341,2.0211,1.8828,1.8937,1.9693,1.9081
2.0983,5.7138,2.7784,4.2298,2.0667,1.9218,1.8597,1.9526,1.8597
2.0535,5.7009,2.7845,4.2514,2.0493,1.9084,1.8738,1.9418,1.8496
2.2235,5.8635,2.8949,4.2566,2.0416,1.8756,1.9157,1.974,1.9521
2.1925,5.8422,2.8845,4.2645,2.0383,1.907,1.8595,1.9336,1.9148
2.1894,5.9317,2.9217,4.2729,2.0428,1.8718,1.8713,1.9678,1.8698
2.2053,5.9353,2.8978,4.2309,2.0316,1.8756,1.8774,1.9796,1.8641
2.1889,5.9923,2.8979,4.2291,2.0338,1.8669,1.8498,1.9617,1.8966
2.181,5.969,2.884,4.2412,2.0541,1.8811,1.8173,2.0001,1.8748
2.205,5.9416,2.8955,4.2751,2.019,1.8542,1.8498,1.9745,1.9071
2.2237,5.9283,2.8978,4.3323,2.0402,1.9193,1.8721,2.0287,1.9446
2.1925,6.0001,2.8509,4.2846,2.056,1.8987,1.857,1.997,1.9259
2.2004,5.9351,2.852,4.3114,2.0529,1.9205,1.846,2.0261,1.9421
2.2038,5.9428,2.9097,4.3112,2.0601,1.918,1.8676,2.0263,1.9238
2.198,5.9456,2.9503,4.289,2.0467,1.9108,1.8626,2.0303,1.9432
2.2033,5.9165,2.8794,4.2995,2.04,1.9256,1.8729,2.0018,1.9631
2.1659,5.8808,2.8649,4.2313,2.05,1.9214,1.8742,2.0024,1.944
2.2064,5.89,2.8309,4.1102,2.0978,1.9362,1.8758,2.0284,1.9206
2.1986,5.8436,2.811,4.1457,2.0863,1.9312,1.8579,2.0033,1.9836
2.1946,5.8224,2.8205,4.1297,2.0357,1.8846,1.8415,1.9983,1.9326
2.2285,5.8251,2.7658,4.1398,2.0791,1.9147,1.8036,1.991,1.9461
2.1766,5.7963,2.8294,4.1412,2.0533,1.9123,1.8428,2.0093,1.889
2.1811,5.811,2.8253,4.1092,2.0488,1.9233,1.8223,2.0087,1.9127
2.1795,5.5815,2.7485,4.0189,2.0595,1.8805,1.8126,2.003,1.8768
2.2146,5.5415,2.7972,4.0819,2.0523,1.889,1.8216,1.9751,1.9509
2.2014,5.4039,2.7759,4.1402,2.0619,1.8872,1.831,1.9821,1.9288
2.1814,5.4185,2.7794,4.0984,2.0185,1.8607,1.7785,1.9629,1.8904
2.2081,5.4077,2.8502,4.1032,2.0507,1.8463,1.7703,1.9591,1.8956
2.2032,5.426,2.8632,4.0904,2.0231,1.8965,1.7776,1.9554,1.9322
2.2066,5.3987,2.8776,4.1604,2.0037,1.8855,1.8166,1.9847,1.8864
2.1924,5.4987,2.8471,4.1602,2.0222,1.8918,1.7587,1.9679,1.9033
2.1026,5.5327,2.8834,4.1286,2.0202,1.8683,1.7949,1.9503,1.932
2.114,5.4619,2.8796,4.1147,2.0039,1.8649,1.721,1.9357,1.8554
2.1361,5.6363,2.7443,4.0397,2.007,1.8792,1.7644,1.9549,1.9278
2.1602,5.622,2.7851,4.0288,1.9974,1.8515,1.759,1.9761,1.9307
2.1497,5.6199,2.7963,4.0844,2.0222,1.8722,1.7614,1.9713,1.9468
2.1461,5.634,2.7881,4.0544,2.024,1.8442,1.7615,1.9973,1.9016
2.1379,5.7036,2.8226,4.1419,2.0046,1.8902,1.7598,1.9937,1.9697
2.1254,5.6689,2.8127,4.1414,2.0058,1.8683,1.7799,1.984,1.9305
2.1207,5.7041,2.6071,4.1167,2.0173,1.9051,1.7779,1.9768,1.8997
2.1139,5.6244,2.6212,4.1858,1.9968,1.8696,1.7814,1.9851,1.9088
2.1326,5.676,2.6389,4.1542,1.9775,1.8646,1.7415,1.9485,1.9297
2.1737,5.6477,2.6566,4.1705,1.9947,1.8882,1.7923,1.978,1.8964
2.148,5.5401,2.6402,4.1753,2.0075,1.893,1.7843,1.9867,1.9421
2.1405,5.6199,2.6185,4.1359,2.0001,1.8815,1.7252,1.9666,1.892
2.1141,5.6178,2.6599,4.1186,2.0178,1.8597,1.7651,2.0097,1.9039
2.0848,5.6138,2.5941,4.114,1.9561,1.8686,1.7628,1.9612,1.9093
2.0861,5.6396,2.6201,4.0935,1.9794,1.852,1.771,1.9617,1.9249
2.0837,5.6553,2.611,4.0576,2.017,1.8991,1.7715,1.9665,1.9138
2.1073,5.6472,2.6185,4.0487,2.0157,1.8695,1.7872,1.9326,1.9212
2.0889,5.5443,2.628,4.0839,2.0396,1.879,1.7531,1.9561,1.9227
2.062,5.6552,2.6766,4.0753,2.0332,1.8658,1.7786,1.9435,1.9059
2.0758,5.5225,2.6896,4.0676,2.0295,1.86,1.7591,1.9548,1.9238
2.0521,5.5477,2.671,4.1081,2.0612,1.8883,1.7686,1.9749,1.8906
2.0849,5.5356,2.7005,4.0816,2.0032,1.8716,1.755,1.9838,1.9378
2.1035,5.5154,2.7044,4.0877,2.0357,1.8719,1.7815,1.9798,1.936
2.117,5.5238,2.6922,4.0358,1.984,1.8871,1.7453,1.9582,1.929
2.1062,5.4654,2.6951,4.0697,1.9955,1.909,1.7601,1.9778,1.9201
2.0891,5.4539,2.7078,4.0263,2.0277,1.8751,1.7627,1.9505,1.9244
2.1287,5.4031,2.6485,3.9765,2.0022,1.8656,1.7294,1.9687,1.9141
2.0916,5.3861,2.6408,3.9565,2.0301,1.9055,1.7846,2.0122,1.9193
2.1466,5.4495,2.6522,3.9102,2.0134,1.8882,1.7205,2.0077,1.8971
2.1646,5.5178,2.6376,3.9698,2.0056,1.879,1.7577,1.9977,1.9023
2.19,5.5907,2.6396,3.9343,2.0002,1.9035,1.7511,2.0067,1.9276
2.1926,5.6701,2.6344,3.9927,2.0493,1.9004,1.7786,2.0459,1.898
2.1896,5.6372,2.6088,3.9823,2.045,1.905,1.7576,2.0355,1.8885
2.2051,5.6361,2.6497,3.9646,2.0532,1.9176,1.777,2.0402,1.8981
2.1832,5.5614,2.6439,3.9479,2.053,1.9191,1.7475,2.034,1.9216
2.2026,5.6349,2.6733,3.9924,2.0571,1.9034,1.7658,2.0079,1.9334
2.2154,5.5781,2.6312,3.9844,2.0342,1.8952,1.7078,2.0672,1.9124
2.1616,5.5992,2.6247,4.0128,2.0292,1.9271,1.7577,2.0501,1.9094
2.22,5.6853,2.6353,3.9769,2.0412,1.8688,1.76,2.0662,1.9182
2.223,5.5369,2.6218,3.9762,2.0399,1.9203,1.766,2.0534,1.925
2.1397,5.5398,2.5962,3.9012,2.0603,1.8986,1.7251,2.0657,1.9001
2.2089,5.5503,2.6239,3.8561,2.0409,1.9126,1.7899,2.0522,1.9084
2.1938,5.6191,2.6283,3.9082,2.078,1.9466,1.8033,2.1073,1.9587
2.1259,5.6294,2.6154,3.8315,2.0609,1.9501,1.7571,2.0525,1.932
2.1827,5.6463,2.6073,3.868,2.071,1.9485,1.8113,2.0811,1.9756
2.2413,5.6457,2.6612,3.8768,2.0627,1.9584,1.8061,2.1137,1.9643
2.2247,5.7249,2.6272,3.8534,2.0604,1.9337,1.7881,2.0589,1.9656
2.2315,5.6998,2.6428,3.8954,2.0946,1.9514,1.7969,2.1037,1.9614
2.2242,5.5697,2.5906,3.9069,2.1244,1.9634,1.793,2.1209,1.9518
2.2087,5.5854,2.5783,3.8896,2.1128,1.9472,1.796,2.1346,1.9503
2.193,5.6119,2.5989,3.9339,2.0968,1.9591,1.774,2.1186,1.9863
2.2693,5.6572,2.571,3.9133,2.1155,1.9467,1.8007,2.1027,1.9898
2.2286,5.6406,2.6327,3.988,2.0961,1.9403,1.8166,2.1425,2.008
2.2912,5.6644,2.5763,4.0034,2.0957,1.9848,1.7902,2.1226,2.004
2.2284,5.6351,2.6773,4.0041,2.0964,1.9454,1.8384,2.1093,2.0138
2.3048,5.6464,2.6801,4.0179,2.0813,1.9682,1.7938,2.079,2.0144
2.3204,5.647,2.6928,4.0301,2.0802,1.9639,1.8243,2.1034,2.0066
2.2736,5.6002,2.6875,4.0238,2.0832,1.9503,1.7839,2.0715,1.9973
2.2075,5.6512,2.6468,3.977,2.1026,1.9991,1.8266,2.0872,1.9829
2.2176,5.6707,2.6919,4.1098,2.0938,1.9734,1.818,2.1422,2.0603
2.2728,5.6927,2.7962,4.1037,2.1193,2.0012,1.822,2.133,2.0535
2.1764,5.6843,2.7907,4.0979,2.0389,1.9901,1.8065,2.1097,2.0207
2.2598,5.6075,2.7916,4.0886,2.0732,1.9673,1.8272,2.1223,2.0176
2.2948,5.6291,2.8237,4.0914,2.0995,1.9942,1.7944,2.114,2.0114
2.1991,5.5378,2.7868,4.0012,2.0988,1.9819,1.7988,2.1047,2.0315
2.2464,5.6457,2.819,4.086,2.1313,2.0052,1.8182,2.1062,2.0552
2.2277,5.6607,2.8188,4.0287,2.1181,1.9985,1.7581,2.1301,2.0151
2.3185,5.6752,2.7911,4.0163,2.1163,1.9904,1.8531,2.1146,2.0319
2.3278,5.6491,2.7987,3.9821,2.1326,2.0053,1.8158,2.1562,2.0584
2.3855,5.6192,2.8163,3.9854,2.104,1.9709,1.8732,2.1215,2.0415
2.354,5.5484,2.7647,3.9897,2.1206,2.0001,1.8124,2.1615,2.0332
2.3047,5.4758,2.7933,3.9826,2.093,1.9782,1.8043,2.1306,2.0355
2.2133,5.4812,2.8628,3.9266,2.0944,2.0008,1.8214,2.1146,2.0097
2.2747,5.4223,2.8595,3.9132,2.0738,2.0134,1.8163,2.0958,2.0038
2.2996,5.4219,2.8889,3.966,2.0888,1.9333,1.8031,2.1399,2.037
2.2622,5.5022,2.8924,3.9691,2.0914,1.9573,1.8398,2.1415,2.0085
2.3253,5.6367,2.8813,3.9525,2.0953,1.9788,1.8303,2.1205,2.0219
2.2852,5.6383,2.8731,3.9756,2.0783,2.0011,1.875,2.1648,2.0026
2.2761,5.5053,2.7299,3.9364,2.0936,1.9949,1.873,2.1688,1.9994
2.2874,5.5403,2.7126,3.9274,2.0886,1.9895,1.8598,2.1451,2.007
2.3138,5.5738,2.7534,3.9783,2.1169,1.9817,1.8972,2.1299,1.9937
2.3192,5.5188,2.7236,3.9812,2.0733,1.9773,1.8264,2.1406,2
2.2195,5.5427,2.7031,3.9403,2.0918,1.9512,1.8121,2.1264,2.0141
2.248,5.5384,2.7206,4.0202,2.0825,1.9899,1.8548,2.1372,1.9827
2.2083,5.5182,2.6993,3.9287,2.0804,1.965,1.866,2.1206,1.9992
2.2186,5.4976,2.7417,3.9412,2.0609,1.9709,1.8578,2.1083,1.9902
2.2229,5.568,2.7415,3.9235,2.0868,1.9711,1.8451,2.1483,1.9925
2.25,5.5783,2.7383,3.9765,2.0616,1.9794,1.8644,2.1273,2.0447
2.2511,5.5643,2.7482,4.0216,2.114,2.0148,1.8631,2.1984,2.0052
2.2317,5.5588,2.763,4.0095,2.1124,1.9906,1.8303,2.1549,2.0093
2.2183,5.5453,2.7358,3.9957,2.1175,2.0041,1.8342,2.1689,2.0436
2.1969,5.5077,2.7065,3.993,2.0786,2.0136,1.8682,2.168,2.0339
2.2311,5.5331,2.7005,3.8955,2.1205,1.9715,1.8291,2.1488,2.0144
2.2346,5.48,2.7236,3.8862,2.1166,2.0187,1.9029,2.1744,2.0086
2.2382,5.4806,2.7313,3.8885,2.144,2.0283,1.8727,2.2012,2.0113
2.2313,5.4331,2.6987,3.8895,2.0941,1.9965,1.8771,2.1871,2.049
2.4032,5.4808,2.671,3.9332,2.1069,2.0426,1.903,2.2026,1.9979
2.3571,5.543,2.6312,3.9429,2.0996,1.9955,1.9458,2.2256,2.0135
2.3888,5.637,2.6083,3.9195,2.1687,2.0099,1.9435,2.2151,2.0261
2.4135,5.6575,2.6502,3.9818,2.1686,2.0766,1.9625,2.1906,2.045
2.3949,5.7295,2.6098,3.9603,2.1799,2.0335,1.9395,2.2118,2.0423
2.3362,5.7825,2.6596,3.9751,2.1415,2.0376,1.9553,2.2191,2.0535
2.3848,5.6511,2.5613,3.9596,2.1683,2.0479,1.9648,2.249,2.0677
2.3496,5.6349,2.5992,3.9663,2.1661,2.0516,1.983,2.2102,2.0252
2.3699,5.5855,2.5487,4.0158,2.1429,2.0602,1.9704,2.2517,2.01
2.3945,5.5496,2.5844,3.9981,2.158,2.0645,1.9725,2.1871,2.0364
2.3862,5.5279,2.5437,3.9741,2.1522,2.0485,2.0078,2.2368,2.0074
2.372,5.4381,2.533,3.9462,2.1506,2.034,1.9613,2.2011,2.0007
2.3698,5.5133,2.533,3.9394,2.1824,2.0505,2.0081,2.1549,2.0351
2.349,5.5081,2.6016,3.9634,2.1069,2.0535,1.9662,2.1847,1.9939
2.3468,5.5771,2.5639,3.8929,2.1585,2.0247,1.9861,2.1717,2.0173
2.359,5.5259,2.601,3.9357,2.1509,2.0357,1.9767,2.1951,1.9887
2.3859,5.5355,2.5987,3.9727,2.1705,2.0627,1.9771,2.1662,2.0514
2.409,5.4534,2.608,4.0121,2.2265,2.0967,1.9869,2.224,2.0043
2.3534,5.5013,2.5324,3.962,2.1948,2.074,2.0046,2.2293,2.0145
2.3983,5.4554,2.5417,4.0436,2.2043,2.0869,2.0475,2.2035,2.0288
2.428,5.5276,2.5435,3.9708,2.1693,2.0648,2.0117,2.1933,2.0959
2.4282,5.5595,2.5741,4.0094,2.2353,2.0723,2.0239,2.2339,2.0923
2.3905,5.581,2.6022,4.0241,2.2089,2.086,2.0511,2.2324,2.0822
2.3736,5.5539,2.5731,4.0352,2.2028,2.1247,2.0337,2.2206,2.0591
2.3808,5.6444,2.5798,4.0281,2.2161,2.0892,2.0237,2.233,2.0596
2.3665,5.6658,2.5761,4.0122,2.1988,2.0741,2.0437,2.1932,2.0345
2.4319,5.5772,2.5597,4.0469,2.2021,2.1347,2.047,2.2379,2.0962
2.4373,5.5666,2.5541,4.0007,2.1634,2.114,2.0057,2.2194,2.0847
2.3159,5.6019,2.5473,3.9772,2.2029,2.0567,2.0464,2.236,2.1177
2.3325,5.6358,2.5769,4.0077,2.2135,2.0737,2.0385,2.2419,2.0812
2.312,5.6858,2.5843,3.9922,2.1933,2.0799,2.037,2.2135,2.0704
2.2912,5.6947,2.6224,4.0171,2.2149,2.1002,2.0474,2.1954,2.0993
2.3264,5.6686,2.5966,3.9728,2.2037,2.0998,2.0391,2.2058,2.0915
2.3334,5.7084,2.5511,3.9349,2.1804,2.0824,2.0551,2.2016,2.1791
2.3323,5.672,2.5655,3.9395,2.1877,2.086,2.0309,2.225,2.1365
2.3478,5.5801,2.5577,3.9586,2.193,2.1291,2.0688,2.2151,2.0821
2.3151,5.6694,2.5052,3.9679,2.2224,2.0889,2.1021,2.1991,2.1202
2.3468,5.6999,2.5387,4.0066,2.1924,2.1553,2.099,2.2321,2.1315
2.3814,5.9445,2.5594,4.0314,2.2616,2.1372,2.0983,2.2787,2.129
2.353,5.9961,2.5011,4.0127,2.2643,2.1274,2.0921,2.2993,2.1316
2.339,5.9336,2.5559,4.0648,2.2695,2.1498,2.0778,2.2304,2.1577
2.3399,5.9401,2.5179,4.034,2.251,2.1303,2.0822,2.2471,2.0903
2.1941,5.9578,2.4555,4.0167,2.1966,2.1378,2.1125,2.2486,2.1364
2.1711,5.9073,2.4511,4.0107,2.1708,2.1039,2.0828,2.2488,2.1028
2.1623,5.8973,2.4536,4.0511,2.2158,2.1334,2.0726,2.2466,2.1871
2.2155,5.9278,2.5215,4.0878,2.1985,2.1593,2.0694,2.2861,2.149
2.1388,5.9652,2.4658,4.066,2.2188,2.1479,2.0894,2.2802,2.1176
2.1024,5.9945,2.5118,4.0815,2.2039,2.0973,2.1146,2.277,2.124
2.151,6.0414,2.4982,4.0792,2.1841,2.1397,2.0849,2.2386,2.0965
2.1834,5.9606,2.4766,4.0542,2.1805,2.1511,2.0669,2.2953,2.095
2.1299,6.0281,2.4584,4.0907,2.2161,2.1501,2.0947,2.2729,2.097
2.1388,6.0903,2.5066,4.1825,2.2518,2.148,2.1247,2.3197,2.1297
2.1486,6.1402,2.4894,4.1185,2.2252,2.1588,2.1486,2.2619,2.1516
2.1951,6.1189,2.4867,4.1179,2.1899,2.1155,2.1081,2.3018,2.1222
2.2023,6.0725,2.3427,4.1011,2.2423,2.1413,2.1299,2.3097,2.1878
2.197,6.0891,2.3601,4.0826,2.205,2.1356,2.0964,2.3454,2.1225
2.1887,6.0949,2.3407,4.123,2.2257,2.1521,2.089,2.3158,2.1778
2.2414,6.0533,2.3403,4.1165,2.2247,2.1065,2.0843,2.3155,2.1151
2.2214,6.0787,2.3608,4.1365,2.2301,2.1332,2.1025,2.3312,2.1222
2.2139,6.1135,2.4027,4.2096,2.284,2.1735,2.0972,2.3045,2.1679
2.1799,6.0665,2.3666,4.1717,2.2618,2.1177,2.1126,2.3337,2.2074
2.1642,6.0745,2.3876,4.1693,2.249,2.1716,2.1279,2.3404,2.1727
2.1672,6.0294,2.3323,4.0778,2.1934,2.1432,2.0603,2.3224,2.2159
2.2818,5.9109,2.3306,4.0433,2.2438,2.1505,2.0781,2.3279,2.2122
2.2057,5.8864,2.3178,4.0064,2.2193,2.1794,2.1187,2.322,2.2209
2.2178,5.7876,2.3615,3.9854,2.1983,2.1869,2.1037,2.3076,2.2038
2.262,5.8291,2.4943,4.0061,2.2692,2.2012,2.103,2.3231,2.1756
2.2807,5.7489,2.4628,3.9928,2.2622,2.1763,2.1228,2.3718,2.1793
2.2269,5.8624,2.5978,4.0272,2.2944,2.2082,2.1296,2.3586,2.2584
2.272,5.8344,2.5377,4.0313,2.2642,2.1819,2.1684,2.4102,2.2406
2.2371,5.7251,2.5425,4.0373,2.2837,2.2507,2.1089,2.4147,2.2137
2.1969,5.7534,2.5313,4.0939,2.2491,2.1931,2.1497,2.4047,2.2199
2.2026,5.7717,2.5964,4.0605,2.2546,2.17,2.0837,2.4086,2.1478
2.2269,5.7302,2.6284,4.0973,2.2305,2.186,2.0994,2.3829,2.2654
2.2233,5.8868,2.6137,4.1792,2.2526,2.221,2.1429,2.4066,2.2408
2.286,5.8829,2.6606,4.2125,2.3125,2.2179,2.1276,2.4076,2.2394
2.2563,5.8735,2.6585,4.2998,2.2596,2.2511,2.1518,2.4149,2.2901
2.2501,5.8485,2.667,4.2621,2.27,2.2656,2.1059,2.4081,2.2672
2.2038,5.6745,2.5958,4.2112,2.2851,2.2443,2.1424,2.4033,2.2344
2.1891,5.8217,2.5553,4.2494,2.2344,2.2119,2.1332,2.3819,2.2157
2.1773,5.7973,2.5726,4.2159,2.252,2.1925,2.105,2.3794,2.2753
2.175,5.7002,2.5205,4.2058,2.2473,2.2037,2.1188,2.378,2.211
2.1764,5.6533,2.5305,4.1748,2.2263,2.2363,2.1264,2.3868,2.3134
2.2145,5.6978,2.5374,4.1389,2.2382,2.2399,2.1097,2.3957,2.2797
2.1972,5.6083,2.5393,4.1797,2.2738,2.2329,2.1073,2.3884,2.3331
2.2339,5.596,2.5782,4.1761,2.2595,2.2385,2.1259,2.426,2.3098
2.25,5.5894,2.5827,4.243,2.2919,2.2335,2.1286,2.4428,2.3192
2.1929,5.6067,2.5472,4.1556,2.2872,2.287,2.1486,2.4059,2.3098
2.2226,5.6858,2.5764,4.1802,2.2777,2.2805,2.1386,2.4429,2.3475
2.2084,5.7342,2.5237,4.1785,2.3105,2.2798,2.1457,2.4339,2.4318
2.2359,5.6698,2.6848,4.1441,2.2615,2.2663,2.138,2.4422,2.3921
2.1978,5.6128,2.6799,4.1745,2.3079,2.256,2.1597,2.4425,2.3216
2.3282,5.6032,2.6915,4.1425,2.2841,2.2628,2.1526,2.4509,2.3261
2.2871,5.5589,2.7041,4.1332,2.3091,2.2771,2.1849,2.4991,2.3846
2.2962,5.6046,2.699,4.1356,2.3401,2.307,2.2076,2.5049,2.382
2.2734,5.5816,2.6598,4.0944,2.3364,2.3189,2.17,2.5665,2.4091
2.3354,5.4971,2.6502,4.0598,2.331,2.3035,2.1784,2.4993,2.452
2.3163,5.5364,2.6568,4.0022,2.3674,2.2964,2.1677,2.5403,2.504
2.3486,5.5197,2.6524,4.0529,2.3297,2.2978,2.1909,2.4559,2.4324
2.2859,5.62,2.6706,4.0088,2.3296,2.2725,2.1447,2.4896,2.4552
2.3154,5.6155,2.6446,4.0626,2.3616,2.2608,2.1437,2.4754,2.4283
2.3469,5.6075,2.6574,4.0813,2.3353,2.2766,2.1626,2.5093,2.4584
2.2277,5.8177,2.7129,4.0234,2.3,2.299,2.1436,2.4591,2.3554
2.2242,5.7377,2.7498,4.1082,2.3292,2.2978,2.1496,2.4731,2.3807
2.319,5.634,2.7804,4.1077,2.3325,2.3044,2.1488,2.4571,2.3927
2.3363,5.6145,2.7316,4.1065,2.3461,2.3324,2.1771,2.5192,2.5097
2.3188,5.5722,2.7393,4.1269,2.3231,2.351,2.1857,2.5518,2.4132
2.3105,5.6525,2.7101,4.0612,2.3693,2.3212,2.1747,2.5023,2.4392
2.3556,5.6275,2.6266,4.0423,2.3609,2.3118,2.1824,2.544,2.3317
2.3703,5.6809,2.6767,4.0044,2.3711,2.3359,2.1707,2.4987,2.3897
2.3552,5.6497,2.6505,3.9723,2.3862,2.341,2.1703,2.5257,2.4525
2.3957,5.6665,2.6585,3.9654,2.3566,2.3605,2.1728,2.4675,2.4156
2.2749,5.5646,2.6882,3.9154,2.3481,2.2884,2.1378,2.4808,2.481
2.3058,5.4564,2.6551,3.9037,2.283,2.2837,2.1368,2.4375,2.3217
2.2803,5.4349,2.7697,3.9033,2.3228,2.3118,2.1548,2.519,2.3866
2.2725,5.4509,2.7265,3.8786,2.3366,2.3021,2.1836,2.4396,2.3434
2.2857,5.4405,2.6976,3.8694,2.3347,2.3182,2.1408,2.4589,2.4079
2.3239,5.4712,2.7184,3.8457,2.3471,2.3224,2.1511,2.4633,2.3294
2.2289,5.4294,2.6456,3.9134,2.3508,2.336,2.1728,2.4703,2.3547
2.2785,5.4296,2.695,3.9281,2.321,2.3303,2.1825,2.4674,2.4474
2.2696,5.4721,2.6444,3.9256,2.3517,2.3544,2.1589,2.4449,2.4065
2.3318,5.4938,2.633,3.9774,2.3539,2.3537,2.1784,2.4503,2.427
2.3118,5.5091,2.6366,3.9695,2.3366,2.3329,2.1731,2.4806,2.4259
2.279,5.5666,2.6498,3.9758,2.3533,2.3369,2.1673,2.4729,2.4301
2.285,5.5814,2.6147,4.008,2.391,2.3487,2.1967,2.4634,2.4878
2.2621,5.566,2.6266,4.0014,2.3548,2.3559,2.1707,2.4983,2.4709
2.3423,5.5467,2.652,3.989,2.3851,2.3755,2.2343,2.5051,2.4786
2.3043,5.6287,2.6835,4.0556,2.3326,2.3531,2.193,2.496,2.5081
2.2989,5.5662,2.6897,4.122,2.3416,2.393,2.181,2.4776,2.3732
2.2668,5.5393,2.6522,4.1283,2.3966,2.4172,2.2166,2.5041,2.4161
2.2568,5.4251,2.6554,4.058,2.405,2.4287,2.2014,2.4684,2.5038
2.3918,5.3695,2.7665,4.0878,2.4062,2.4221,2.213,2.5515,2.5155
2.4755,5.4162,2.7091,4.1325,2.4144,2.478,2.2296,2.5782,2.4338
2.2626,5.4687,2.8068,4.0879,2.4288,2.395,2.197,2.5564,2.5236
2.3208,5.474,2.7514,4.0924,2.4203,2.4795,2.1972,2.5894,2.5466
2.3772,5.4673,2.6802,4.0567,2.4348,2.415,2.2153,2.5038,2.4054
2.3997,5.4461,2.8501,4.1996,2.4672,2.457,2.2342,2.5562,2.6078
2.391,5.4995,2.8649,4.2528,2.4797,2.4262,2.2812,2.5993,2.6195
2.4275,5.5592,2.8984,4.3135,2.495,2.4233,2.2541,2.6827,2.4962
2.3709,5.6784,2.9692,4.3378,2.4853,2.4841,2.261,2.6435,2.5143
2.4362,5.6264,2.8968,4.2054,2.4955,2.4697,2.2444,2.6163,2.4645
2.4227,5.5007,2.9816,4.2558,2.4304,2.533,2.2309,2.6089,2.5142
2.4226,5.5424,2.8796,4.1997,2.4618,2.4582,2.2368,2.6455,2.4856
