2.68,5.1747,2.5755,4.5352,2.1991,2.1451,1.8688,2.092,2.0299
2.6724,5.0782,2.6124,4.5058,2.2168,2.1365,1.8844,2.0595,2.0684
2.6701,5.0907,2.5822,4.4443,2.1486,2.0877,1.8558,2.0464,2.0601
2.6402,4.9841,2.5863,4.4437,2.2159,2.0826,1.8809,2.0678,2.0239
2.6319,4.9562,2.6026,4.4224,2.1702,2.0789,1.8468,2.0951,2.0545
2.6363,5.0022,2.6075,4.3983,2.204,2.078,1.8499,2.0451,1.9989
2.6778,4.9894,2.6403,4.4468,2.1909,2.1043,1.8722,2.0368,2.0324
2.6647,4.9815,2.6259,4.3986,2.1742,2.094,1.8626,2.0192,2.019
2.625,5.0431,2.6369,4.4743,2.1576,2.0603,1.8668,2.0305,2.0241
2.6511,4.99,2.6167,4.4686,2.1332,2.0955,1.8442,2.0373,2.0419
2.6411,4.9825,2.6181,4.4305,2.1351,2.1055,1.8621,2.0797,1.9899
2.7429,4.9558,2.6641,4.4876,2.2156,2.1278,1.8642,2.0483,2.0942
2.6878,4.9115,2.6053,4.5452,2.225,2.0995,1.8723,2.0353,2.0378
2.6715,4.9694,2.6165,4.5489,2.1939,2.0807,1.8961,2.0478,2.0495
2.6719,5.0029,2.6019,4.5315,2.1366,2.0916,1.8713,2.0345,2.0675
2.6557,5.0465,2.5891,4.5012,2.1563,2.1089,1.8627,2.0392,2.0245
2.6263,5.0138,2.5531,4.3793,2.1253,2.0409,1.8381,2.0279,2.0227
2.6069,5.0405,2.5656,4.4027,2.199,2.0766,1.8123,2.0397,2.0332
2.6285,5.0668,2.5384,4.4279,2.1316,2.0562,1.8248,1.9914,2.0041
2.616,5.0688,2.5375,4.4114,2.136,2.047,1.833,2.0496,2.0392
2.6145,5.1057,2.4944,4.3329,2.0948,2.0709,1.8269,2.0373,1.9775
2.5956,5.1237,2.5337,4.3773,2.1696,2.1519,1.8133,2.0606,1.9877
2.5565,5.1692,2.5365,4.365,2.1005,2.0786,1.7848,2.028,1.9858
2.5587,5.0861,2.5396,4.3677,2.1195,2.0032,1.8275,2.0032,1.9673
2.5383,5.0591,2.5502,4.336,2.0798,1.9976,1.8166,1.9895,1.9614
2.5615,5.1242,2.4987,4.2883,2.0538,2.0179,1.8175,1.9882,1.9634
2.5377,5.1064,2.5154,4.3467,2.1312,2.0743,1.8076,1.9408,1.976
2.5651,5.1136,2.5448,4.3578,2.1121,2.0595,1.7634,1.9687,1.9213
2.6956,5.1863,2.5432,4.4524,2.1081,2.0808,1.8412,2.0542,1.985
2.7726,5.1763,2.5162,4.462,2.0955,2.0636,1.8214,2.0043,1.9679
2.7293,5.3538,2.4739,4.4373,2.1044,2.0542,1.8273,1.9893,1.9686
2.7596,5.4305,2.5278,4.4687,2.1148,2.0893,1.8449,2.0156,1.9829
2.7516,5.4973,2.516,4.2955,2.1392,2.0498,1.8664,2.0412,1.9883
2.7783,5.4828,2.5309,4.2606,2.1349,2.0295,1.8626,2.0267,1.9644
2.7779,5.5049,2.5695,4.2985,2.1151,2.0854,1.8727,2.0014,1.9616
2.8042,5.4773,2.6035,4.3048,2.1388,2.0395,1.8948,2.0751,2.0121
2.8073,5.6113,2.6026,4.4433,2.1403,2.0626,1.8795,2.0347,1.9967
2.7851,5.6334,2.6013,4.4243,2.1389,2.0863,1.8735,2.0097,1.9652
2.7708,5.5582,2.5991,4.4012,2.1063,2.0803,1.9007,2.0478,2.0396
2.7995,5.6386,2.6014,4.3749,2.1652,2.0913,1.8445,2.0249,2.0135
2.786,5.6804,2.566,4.36,2.094,2.1149,1.8717,2.0202,1.9704
2.8122,5.7754,2.5711,4.4044,2.168,2.106,1.8851,2.0429,2.0122
2.8994,5.732,2.5142,4.3754,2.0733,2.0893,1.846,2.0625,1.9915
2.8928,5.6378,2.5384,4.4111,2.1225,2.0573,1.873,2.0116,1.9928
2.8743,5.4926,2.5327,4.4216,2.1322,2.046,1.8541,1.9644,2.0092
2.8837,5.6899,2.5518,4.4212,2.1088,2.1185,1.8727,2.0272,1.9854
2.9148,5.5327,2.536,4.4614,2.1023,2.0938,1.8725,1.9917,2.0298
2.8753,5.5837,2.5369,4.4266,2.1021,2.0391,1.868,2.0176,2.0325
2.8354,5.6027,2.505,4.4134,2.0556,2.0482,1.8609,2.065,1.9864
2.859,5.5825,2.5386,4.4665,2.0921,2.0901,1.8416,2.0873,1.9958
2.8746,5.5834,2.5569,4.4773,2.1222,2.0567,1.8965,2.0293,2.0073
2.8209,5.5824,2.5205,4.5213,2.1082,2.0229,1.9323,2.0161,2.0105
2.8203,5.5922,2.5107,4.5255,2.1266,2.0487,1.9002,2.0225,1.9962
2.8492,5.6295,2.5262,4.5331,2.0386,2.1278,1.875,2.0014,1.9779
2.866,5.6067,2.5955,4.5043,2.0989,2.0164,1.887,2.0107,2.0045
2.7829,5.6088,2.5624,4.4291,2.0582,2.0027,1.8579,1.9519,2.0156
2.5773,5.5681,2.5486,4.4765,2.078,2.0761,1.882,2.027,2.0092
2.6037,5.6311,2.5521,4.4774,2.1007,2.0568,1.889,2.0753,2.0329
2.5919,5.6572,2.5243,4.471,2.0481,2.0585,1.8262,2.0126,1.9891
2.6232,5.6116,2.5333,4.469,2.0681,2.0913,1.8535,2.0686,1.9862
2.6178,5.7101,2.5497,4.3339,2.0843,1.994,1.8179,2.0994,2.0189
2.6519,5.7499,2.5924,4.2875,2.1271,2.0343,1.8439,2.0679,2.0244
2.6014,5.7207,2.5479,4.2728,2.0937,2.0374,1.8125,2.041,1.999
2.6117,5.6119,2.5742,4.3245,2.0644,2.0318,1.807,2.0075,2.0306
2.6544,5.6359,2.6209,4.3358,2.0682,2.0212,1.8558,2.002,2.0218
2.6315,5.6968,2.6152,4.5186,2.0329,2.0439,1.8096,2.0688,2.0078
2.5873,5.7138,2.6465,4.5251,2.0789,2.0336,1.8094,2.0454,2.0047
2.6541,5.6716,2.6656,4.5372,2.0419,2.0439,1.868,1.9963,2.0068
2.6357,5.6929,2.7369,4.5451,2.0912,2.0711,1.8492,2.007,1.9813
2.6779,5.6414,2.7357,4.6189,2.0627,2.0847,1.8635,2.0293,1.9844
2.6591,5.6461,2.7332,4.5648,2.072,2.0371,1.8643,2.0488,2.0352
2.6289,5.7081,2.7177,4.5542,2.0611,2.0382,1.8821,2.0249,2.0196
2.6591,5.6664,2.7401,4.5176,2.0692,2.0886,1.8845,1.9946,2.0104
2.6989,5.6179,2.7522,4.5103,2.0737,2.0427,1.8432,2.0549,1.9854
2.6554,5.6952,2.7142,4.5142,2.0131,1.9971,1.8621,2.056,1.9475
2.6997,5.7385,2.7525,4.5595,2.0276,2.0574,1.8566,2.0514,1.9935
2.6858,5.7086,2.7055,4.5001,2.1052,2.0503,1.8063,2.0133,1.9658
2.7251,5.7693,2.7481,4.5798,2.0482,2.0301,1.8363,2.0176,1.9815
2.7064,5.794,2.7038,4.5602,2.0472,2.0615,1.863,2.0541,2.0203
2.6837,5.7333,2.7487,4.6094,2.0346,2.0472,1.8371,2.0105,1.9998
2.7026,5.7756,2.7272,4.5145,2.0396,2.0273,1.8646,2.0771,2.0396
2.6751,5.7106,2.7607,4.498,2.0641,2.0345,1.8365,2.0567,1.9955
2.6724,5.7153,2.745,4.5147,2.0096,2.026,1.8288,2.0211,1.9875
2.6611,5.6895,2.7518,4.5212,2.0563,2.0499,1.8388,1.9935,1.9645
2.6055,5.7226,2.735,4.5359,2.0325,1.9992,1.8422,2.0214,1.9762
2.6165,5.7706,2.721,4.5425,2.0518,2.0292,1.8751,2.0399,1.9424
2.6227,5.7022,2.7206,4.5676,2.0798,2.0069,1.8579,2.0361,1.9853
2.6375,5.6733,2.7257,4.555,2.0267,2.0349,1.8701,2.0045,2.0417
2.6446,5.629,2.7468,4.6423,2.0861,2.0625,1.8928,1.9781,2.0238
2.6933,5.6511,2.7758,4.6885,2.094,2.0681,1.9123,2.0591,1.9969
2.69,5.6019,2.7912,4.6369,2.0931,2.0509,1.8325,2.0509,2.0239
2.6719,5.6267,2.7687,4.6192,2.0497,2.0659,1.855,2.079,2.0175
2.7482,5.5483,2.7938,4.5775,2.0688,2.0798,1.8691,2.0479,1.9715
2.6795,5.5504,2.7764,4.5974,2.0297,1.9695,1.8769,2.0732,2.0021
2.719,5.5461,2.7672,4.6308,2.0908,2.0389,1.9028,1.9994,2.024
2.6824,5.4895,2.8043,4.6605,2.0446,2.062,1.8209,2.0027,1.9717
2.6999,5.5003,2.7705,4.5751,2.04,2.0034,1.8496,2.0051,1.9557
2.6979,5.4766,2.7189,4.5898,2.0296,2.0474,1.7985,1.9606,1.9208
2.4705,5.463,2.7455,4.644,2.0028,2.0169,1.8251,1.9814,2.0147
2.4651,5.4704,2.7223,4.5701,2.0304,1.9921,1.7852,1.9663,1.9506
2.4508,5.3802,2.7528,4.6249,2.0348,1.9499,1.8536,1.9827,1.9416
2.4533,5.3522,2.7645,4.6299,1.9863,1.9657,1.8203,2.0267,1.9338
2.4991,5.3708,2.8049,4.6025,2.0362,1.9878,1.8058,2.0224,1.9462
2.5227,5.4217,2.7863,4.6644,1.984,1.9939,1.8327,1.9933,2.0107
2.4383,5.3549,2.7952,4.6602,2.0419,1.9614,1.8424,2.0133,1.9649
2.4982,5.3385,2.8058,4.6705,2.0876,2.0044,1.7907,1.9871,1.9443
2.4787,5.3822,2.7904,4.6326,2.0211,2.0258,1.8302,1.9835,1.995
2.4837,5.3078,2.7621,4.6495,1.9906,2.025,1.8156,1.9501,1.9811
2.4602,5.3597,2.6915,4.5905,2.0302,1.9784,1.7883,1.9548,1.9849
2.4781,5.2779,2.6916,4.6006,1.9649,2.0415,1.8076,1.9597,1.9332
2.4595,5.2482,2.6876,4.5965,1.9661,2.0047,1.8071,1.9431,2.0119
2.4954,5.2943,2.6857,4.6909,2.0369,1.9895,1.8463,1.9716,1.9459
2.5033,5.328,2.7054,4.6605,2.0606,2.0445,1.8488,1.9917,1.9565
2.5175,5.2312,2.7167,4.6384,2.008,2.0076,1.8642,1.9751,1.9686
2.5245,5.1879,2.7454,4.6209,2.0021,1.9942,1.8681,1.9347,1.9392
2.4675,5.2262,2.7239,4.5926,1.9694,1.9699,1.8273,1.9144,1.946
2.4718,5.2753,2.7336,4.5927,1.9762,1.984,1.8724,1.9079,1.9107
2.4786,5.2662,2.7416,4.5727,2.0293,1.9736,1.8394,1.9696,1.9077
2.5024,5.236,2.7791,4.6225,2.0122,1.9912,1.8363,1.9296,1.946
2.538,5.1786,2.768,4.5951,2.0572,1.9835,1.8925,1.9689,1.9501
2.5031,5.322,2.7987,4.6143,1.9628,1.9792,1.9186,1.968,1.9432
2.5814,5.4037,2.7968,4.587,1.9928,2.0205,1.9111,1.916,1.9517
2.5756,5.3881,2.8061,4.6313,2.0569,1.987,1.8913,1.9425,1.9038
2.4971,5.4079,2.7635,4.5776,2.025,2.0299,1.89,1.9265,1.9334
2.5194,5.4502,2.792,4.607,2.0107,1.9796,1.8584,1.8576,1.9298
2.5103,5.4717,2.7821,4.5318,1.9765,1.953,1.8558,1.91,1.904
2.6415,5.4935,2.7604,4.5143,2.032,1.9702,1.8857,1.8957,1.927
2.6257,5.4276,2.7457,4.5499,2.0171,1.9725,1.8763,1.8641,1.8539
2.6234,5.4609,2.755,4.6046,2.0151,2.0034,1.8884,1.9149,1.9709
2.6547,5.4776,2.7477,4.6234,2.0188,1.9861,1.8757,1.905,1.9377
2.6605,5.4545,2.75,4.6209,1.9743,1.9947,1.9119,1.8831,1.9276
2.6175,5.4017,2.7368,4.6628,2.0122,1.9558,1.8999,1.896,1.9391
2.6448,5.391,2.841,4.7199,1.9968,2.0168,1.8816,1.9005,1.8995
2.6068,5.3569,2.8768,4.6004,1.9607,1.9615,1.9293,1.8877,1.8754
2.5445,5.3494,2.834,4.6055,1.9689,1.8931,1.8741,1.8632,1.9307
2.6261,5.3313,2.8386,4.6226,2.0011,1.9689,1.9774,1.9033,1.8689
2.5916,5.3748,2.8514,4.6011,2.0154,1.9522,1.9262,1.8538,1.934
2.5768,5.3791,2.8818,4.6718,2.0121,1.9588,1.9105,1.8941,1.9203
2.5788,5.3939,2.8512,4.6481,2.0214,1.9678,1.9123,1.8369,1.8697
2.5726,5.4459,2.852,4.6773,1.9721,1.9316,1.9162,1.8234,1.8616
2.4565,5.3497,2.8429,4.5497,2.0317,1.9552,1.9518,1.8336,1.8925
2.461,5.3943,2.8376,4.5451,1.9889,1.9716,1.9086,1.8665,1.8848
2.5294,5.304,2.8384,4.5693,2.0231,1.9987,1.9255,1.8378,1.9
2.493,5.2477,2.7987,4.5287,1.9306,1.9646,1.8809,1.7915,1.9022
2.479,5.2292,2.7952,4.6339,1.9459,1.973,1.8942,1.8914,1.9283
2.4869,5.1778,2.8044,4.6466,2.0011,1.9784,1.8884,1.7951,1.8656
2.4477,5.188,2.775,4.6304,1.9208,1.9825,1.8825,1.7718,1.8702
2.4652,5.2105,2.7765,4.6725,1.9667,1.9081,1.8864,1.7906,1.8742
2.5358,5.2237,2.7902,4.6174,1.9088,1.9466,1.8526,1.7714,1.8781
2.4881,5.2825,2.7563,4.5589,1.9107,1.9256,1.8445,1.7814,1.8433
2.4496,5.323,2.7497,4.5802,1.9015,1.8982,1.8527,1.7361,1.7984
2.4618,5.2524,2.7583,4.6167,1.9293,1.9171,1.8825,1.7525,1.854
2.4607,5.268,2.7882,4.5769,1.9024,1.9233,1.8605,1.7771,1.9259
2.4751,5.2081,2.7495,4.6027,1.8127,1.9051,1.8421,1.7292,1.8316
2.477,5.2241,2.7972,4.5812,1.8791,1.8944,1.869,1.7279,1.782
2.4923,5.2934,2.8138,4.5716,1.8274,1.8533,1.8422,1.6852,1.7991
2.4805,5.1311,2.7614,4.5513,1.8396,1.8829,1.7909,1.7052,1.7817
2.518,5.1462,2.7649,4.6317,1.8595,1.8893,1.849,1.752,1.8027
2.4957,5.1609,2.7802,4.611,1.9101,1.8713,1.8439,1.7591,1.7927
2.4526,5.1804,2.787,4.5943,1.8648,1.8741,1.8098,1.7478,1.7873
2.5064,5.1643,2.7905,4.6027,1.8502,1.8575,1.8674,1.7104,1.781
2.5038,5.1169,2.7854,4.5593,1.8604,1.9053,1.887,1.7414,1.8109
2.4676,5.0706,2.7858,4.5588,1.825,1.8849,1.8671,1.7471,1.8271
2.4874,5.0731,2.788,4.569,1.8226,1.8349,1.8491,1.7443,1.7844
2.4465,5.0762,2.7885,4.7047,1.8425,1.8176,1.8055,1.7618,1.7854
2.4923,5.1126,2.8065,4.6852,1.8393,1.8381,1.8912,1.7615,1.7462
2.4647,5.0968,2.7818,4.639,1.876,1.8197,1.8608,1.7609,1.7757
2.4922,5.1416,2.7982,4.6289,1.8854,1.8489,1.8732,1.7466,1.8037
2.3839,5.1249,2.81,4.6122,1.8504,1.8515,1.8577,1.7357,1.765
2.36,5.1468,2.8274,4.6623,1.8759,1.8485,1.839,1.7605,1.782
2.3535,5.0407,2.8671,4.6439,1.8891,1.8423,1.9079,1.7637,1.7999
2.3973,5.0774,2.8648,4.6643,1.8798,1.8288,1.8425,1.793,1.8022
2.3783,4.962,2.8645,4.5991,1.8501,1.8527,1.8978,1.7306,1.7972
2.3962,4.9504,2.8815,4.5968,1.8411,1.8821,1.8114,1.7463,1.8787
2.4062,4.9483,2.8258,4.6362,1.8574,1.84,1.8465,1.7203,1.8261
2.3997,4.939,2.8155,4.5621,1.86,1.8256,1.8239,1.7513,1.7981
2.3639,4.9932,2.7827,4.5792,1.8116,1.8534,1.8894,1.6792,1.7917
2.3674,5.0527,2.7783,4.4996,1.8095,1.879,1.8563,1.713,1.8086
2.3854,5.0879,2.7973,4.5547,1.8277,1.8543,1.9286,1.7415,1.8322
2.3879,5.1036,2.7952,4.5853,1.8675,1.849,1.9262,1.7428,1.8011
2.4227,5.1662,2.7618,4.3943,1.8431,1.8678,1.7759,1.7402,1.8214
2.3997,5.1435,2.7327,4.3764,1.8642,1.8849,1.8815,1.7361,1.7605
2.4685,5.0982,2.757,4.41,1.84,1.8577,1.9108,1.7607,1.8709
2.4124,5.1547,2.7733,4.3648,1.7949,1.8392,1.8898,1.7553,1.8005
2.3955,5.1457,2.7434,4.755,1.8581,1.8486,1.8738,1.732,1.8019
2.4401,5.1476,2.7774,4.7526,1.826,1.8427,1.8228,1.7189,1.8059
2.3851,5.176,2.688,4.7753,1.7877,1.8332,1.8437,1.7041,1.7579
2.3882,5.2383,2.6914,4.7989,1.8381,1.7894,1.8175,1.7236,1.8055
2.421,5.2765,2.7041,4.7524,1.786,1.802,1.8225,1.7612,1.8359
2.3825,5.2573,2.6939,4.779,1.8381,1.7861,1.8351,1.7375,1.7853
2.4229,5.2617,2.708,4.7872,1.8094,1.8468,1.8209,1.7412,1.7811
2.3808,5.2325,2.6832,4.7193,1.766,1.7939,1.7999,1.7364,1.7684
2.3708,5.2557,2.678,4.6271,1.7762,1.7929,1.8623,1.7111,1.7515
2.4162,5.2807,2.648,4.6585,1.819,1.7893,1.8112,1.7314,1.7647
2.3764,5.3701,2.6448,4.6967,1.8024,1.8032,1.8027,1.7486,1.836
2.3554,5.3406,2.6473,4.6876,1.7945,1.7817,1.809,1.7805,1.8002
2.2066,5.3219,2.6738,4.6622,1.8324,1.8107,1.846,1.7496,1.7882
2.1778,5.3504,2.6285,4.5954,1.7855,1.7746,1.9035,1.694,1.775
2.1688,5.3684,2.6004,4.6013,1.8108,1.8084,1.8482,1.7475,1.7484
2.1737,5.3211,2.6245,4.5957,1.7757,1.7968,1.8144,1.7884,1.7754
2.1828,5.2647,2.6505,4.5603,1.7599,1.8068,1.7859,1.7221,1.7516
2.1407,5.2369,2.5929,4.5626,1.7671,1.8044,1.8358,1.7618,1.7901
2.1477,5.2886,2.6573,4.5746,1.7866,1.8244,1.8137,1.7065,1.7583
2.146,5.3076,2.6317,4.5259,1.7816,1.798,1.7911,1.7751,1.7881
2.0938,5.3015,2.6035,4.6194,1.7743,1.7946,1.8284,1.6893,1.7834
2.1329,5.246,2.5992,4.6441,1.7553,1.8104,1.8521,1.6866,1.7753
2.0834,5.2514,2.5991,4.5891,1.7675,1.8214,1.8435,1.7124,1.749
2.1678,5.2387,2.6104,4.6276,1.7847,1.7998,1.8632,1.6947,1.808
2.154,5.2505,2.6258,4.6406,1.7808,1.8008,1.8313,1.7477,1.8096
2.1332,5.2971,2.6114,4.5976,1.7701,1.8229,1.7998,1.7426,1.7709
2.0483,5.3123,2.5747,4.6428,1.7496,1.824,1.8473,1.7393,1.7977
2.0534,5.3352,2.5362,4.634,1.7608,1.7704,1.8108,1.7178,1.7475
2.0491,5.3239,2.5179,4.5447,1.7809,1.7687,1.7731,1.7019,1.7302
2.0761,5.3046,2.5519,4.5242,1.7214,1.7629,1.789,1.7103,1.7276
2.0742,5.3209,2.5103,4.5025,1.753,1.7509,1.7774,1.7097,1.7645
2.0923,5.2754,2.5346,4.5416,1.7282,1.7907,1.8001,1.717,1.7625
2.1,5.2932,2.5543,4.6075,1.7425,1.8121,1.8237,1.7284,1.7626
2.0865,5.213,2.545,4.5998,1.7487,1.851,1.8746,1.7116,1.7416
2.1138,5.2079,2.6137,4.6081,1.7564,1.8252,1.8081,1.7467,1.7933
2.0841,5.1531,2.5902,4.6075,1.7581,1.796,1.8399,1.7225,1.8172
2.1043,5.1004,2.5908,4.5052,1.7652,1.7801,1.7976,1.7372,1.8012
2.0939,5.052,2.6015,4.4925,1.7441,1.8189,1.7951,1.7117,1.783
2.1025,5.0567,2.6697,4.5184,1.7419,1.7955,1.7856,1.7176,1.7592
2.08,5.0904,2.6587,4.5034,1.7261,1.8254,1.8118,1.7009,1.7598
2.0405,5.0922,2.6434,4.5046,1.7762,1.8165,1.8144,1.6821,1.792
2.0662,5.1458,2.6959,4.5455,1.738,1.8129,1.7859,1.7413,1.7701
2.066,5.1819,2.7206,4.5785,1.74,1.7884,1.7701,1.7463,1.7445
2.0721,5.1922,2.7417,4.5784,1.7874,1.7756,1.7704,1.729,1.7803
2.0729,5.1893,2.7075,4.5083,1.7601,1.8244,1.8012,1.7152,1.7633
2.0493,5.2048,2.7362,4.4737,1.7481,1.786,1.7826,1.7127,1.7597
2.0542,5.14,2.6939,4.4286,1.7763,1.7886,1.7956,1.7223,1.7552
2.053,5.1243,2.6942,4.441,1.7052,1.7787,1.752,1.7083,1.7412
2.0419,5.1644,2.7019,4.472,1.6853,1.8198,1.781,1.7058,1.7164
2.0582,5.18,2.7608,4.4581,1.7641,1.7716,1.7959,1.6873,1.7235
2.0812,5.2833,2.7629,4.4626,1.7186,1.8628,1.7955,1.7317,1.7329
2.0864,5.2123,2.7155,4.4279,1.7428,1.8649,1.766,1.7289,1.6978
2.0688,5.3055,2.727,4.4088,1.7614,1.7985,1.7347,1.7143,1.7173
2.0507,5.3381,2.7326,4.4045,1.7323,1.7819,1.8267,1.7154,1.7335
2.0116,5.3861,2.7562,4.4381,1.754,1.7913,1.7574,1.71,1.7362
2.0075,5.375,2.7569,4.446,1.7594,1.8047,1.7764,1.7405,1.7338
2.0015,5.4403,2.7761,4.3627,1.7094,1.8081,1.7504,1.7291,1.7596
2.0159,5.4373,2.7739,4.3468,1.7733,1.8316,1.7638,1.7048,1.7732
2.0289,5.4551,2.8344,4.3803,1.7569,1.8125,1.748,1.7331,1.7383
2.0303,5.3945,2.7839,4.4037,1.7453,1.8242,1.7382,1.6781,1.7359
2.0402,5.4296,2.8016,4.3735,1.7542,1.8221,1.7571,1.7009,1.7368
2.0535,5.5091,2.8023,4.4535,1.7176,1.8027,1.7667,1.7078,1.7655
2.0501,5.5078,2.7738,4.4608,1.7354,1.7781,1.6736,1.6878,1.7234
2.0613,5.5336,2.7678,4.4948,1.7384,1.7812,1.7648,1.6718,1.7445
2.0296,5.5389,2.7585,4.4908,1.7758,1.7627,1.7996,1.6633,1.7534
2.0183,5.5408,2.7506,4.4592,1.7204,1.7455,1.7066,1.72,1.7203
2.0457,5.4246,2.7376,4.437,1.7414,1.7546,1.6972,1.7086,1.741
2.0651,5.4345,2.758,4.4547,1.7465,1.8185,1.6854,1.6775,1.7487
2.0233,5.374,2.8579,4.3952,1.7074,1.7431,1.6979,1.6909,1.7629
2.0203,5.3149,2.8403,4.3346,1.7381,1.7405,1.6711,1.6878,1.7054
1.9982,5.2673,2.7917,4.2971,1.7335,1.7951,1.6739,1.6826,1.6989
1.9948,5.3111,2.8394,4.3033,1.6996,1.7926,1.7307,1.6908,1.7417
2.0059,5.314,2.8099,4.3147,1.6881,1.745,1.6617,1.6961,1.7366
2.0064,5.3178,2.8024,4.2927,1.6851,1.7599,1.7018,1.6775,1.7119
2.0086,5.2948,2.7448,4.2808,1.6979,1.7839,1.725,1.6829,1.7175
1.9966,5.2855,2.7525,4.319,1.6826,1.8255,1.6749,1.6893,1.6992
2.0045,5.398,2.806,4.2599,1.7214,1.7833,1.6757,1.6938,1.7286
2.0225,5.3954,2.7988,4.2761,1.7568,1.7449,1.6259,1.6856,1.7407
2.0348,5.4472,2.8013,4.2538,1.7104,1.7648,1.6158,1.6865,1.7229
2.018,5.4944,2.7669,4.2607,1.7135,1.7667,1.6376,1.6702,1.6805
2.0222,5.4672,2.7776,4.297,1.6981,1.7471,1.7088,1.6649,1.7304
2.0198,5.4374,2.7969,4.2668,1.6716,1.7762,1.7213,1.6489,1.6921
2.0085,5.4554,2.7776,4.3026,1.7099,1.708,1.6601,1.6686,1.6956
1.9684,5.4212,2.7919,4.2913,1.6621,1.7302,1.6781,1.6574,1.691
1.9473,5.3716,2.7877,4.3485,1.6916,1.7214,1.6462,1.6512,1.7191
1.9625,5.3604,2.8042,4.3538,1.6774,1.7522,1.634,1.6602,1.7034
1.9563,5.448,2.8482,4.3913,1.671,1.7474,1.6383,1.6722,1.7215
1.9763,5.504,2.8255,4.3555,1.6806,1.7541,1.6277,1.6614,1.7085
1.9536,5.5036,2.849,4.3337,1.7029,1.7683,1.6978,1.6821,1.6746
1.9691,5.5446,2.8245,4.3334,1.6876,1.708,1.6558,1.6726,1.6962
1.9407,5.5466,2.8619,4.3395,1.7074,1.7465,1.6587,1.6827,1.7269
1.9563,5.5987,2.844,4.2879,1.6876,1.7397,1.7066,1.7019,1.6978
1.8901,5.5833,2.8758,4.2838,1.6998,1.675,1.7008,1.667,1.6638
1.9138,5.6646,2.8772,4.2907,1.6749,1.715,1.6782,1.6543,1.7456
1.8901,5.615,2.8761,4.289,1.6876,1.7442,1.706,1.6742,1.6602
1.9077,5.5383,2.8346,4.2917,1.7061,1.6815,1.6702,1.6741,1.7472
1.9715,5.5663,2.8386,4.3191,1.6789,1.7417,1.6263,1.6567,1.6529
2.0017,5.5781,2.8392,4.3352,1.6513,1.7201,1.6388,1.6447,1.7048
1.9976,5.6501,2.8622,4.3629,1.6508,1.7298,1.6467,1.6619,1.667
1.972,5.6606,2.9228,4.3499,1.6561,1.7402,1.6548,1.6651,1.6804
1.9746,5.6252,2.8832,4.3028,1.6322,1.728,1.6296,1.633,1.662
1.9716,5.6757,2.9397,4.3537,1.6608,1.7321,1.6517,1.6707,1.6807
1.9521,5.7054,2.9279,4.3534,1.6991,1.7281,1.6791,1.6396,1.7015
1.9875,5.7394,2.9463,4.3662,1.6759,1.7501,1.623,1.6683,1.7221
1.983,5.7894,2.8774,4.3096,1.6872,1.744,1.6423,1.671,1.6717
1.9946,5.7564,2.9077,4.3134,1.6796,1.7552,1.6723,1.6538,1.7026
1.989,5.7336,2.9001,4.2859,1.7009,1.729,1.6302,1.6555,1.6769
2.0158,5.7993,2.9416,4.33,1.6492,1.6911,1.6775,1.6582,1.6615
1.9932,5.7917,2.9208,4.3255,1.625,1.7302,1.633,1.6595,1.6277
2.0023,5.8457,2.9346,4.3079,1.631,1.7146,1.6179,1.6371,1.6614
1.8793,5.7697,2.9373,4.3367,1.671,1.7152,1.656,1.6344,1.6781
1.8514,5.7761,2.9424,4.3566,1.7009,1.6896,1.6054,1.6235,1.6675
1.8599,5.7694,2.9443,4.2995,1.6753,1.7197,1.5813,1.6183,1.6646
1.8512,5.7709,2.962,4.3305,1.6806,1.6861,1.6528,1.6047,1.6651
1.8835,5.8223,2.9946,4.3252,1.6704,1.6922,1.6538,1.6058,1.6287
1.8514,5.8409,2.973,4.2516,1.6273,1.6824,1.61,1.6087,1.655
1.8462,5.894,2.9692,4.2445,1.6218,1.6552,1.5811,1.6147,1.6516
1.8637,5.9125,2.9646,4.3361,1.6479,1.6959,1.614,1.5705,1.6469
1.8757,5.8487,3.0147,4.3192,1.6442,1.7137,1.6356,1.6249,1.6459
1.9077,5.9166,3.0364,4.2862,1.6749,1.6977,1.5989,1.6465,1.6517
1.8957,5.9439,3.0034,4.2323,1.6508,1.6669,1.639,1.607,1.6537
1.8712,5.9935,3.0116,4.2286,1.6704,1.728,1.6645,1.6392,1.6495
1.8553,5.9389,2.9565,4.238,1.6771,1.7192,1.6261,1.6332,1.6363
1.872,5.9618,2.9895,4.2428,1.6996,1.6968,1.635,1.6244,1.6746
1.8074,6.002,3.028,4.2658,1.6312,1.7132,1.6187,1.6047,1.6433
1.8137,5.9942,3.0001,4.2676,1.6631,1.7541,1.6131,1.6321,1.6363
1.8096,5.8926,3.0022,4.2737,1.6739,1.6911,1.6335,1.638,1.6216
1.8367,5.8832,3.0157,4.3008,1.6762,1.728,1.6733,1.6713,1.636
1.8533,5.9388,2.9102,4.3474,1.6741,1.7426,1.6322,1.6398,1.6834
1.8564,5.9324,2.9376,4.3325,1.705,1.7259,1.637,1.6486,1.6627
1.8551,5.9777,2.9527,4.3482,1.6371,1.7502,1.5991,1.6336,1.6455
1.8592,5.9134,2.9322,4.3708,1.6746,1.7137,1.6016,1.6445,1.6517
1.8339,5.9145,2.9082,4.3091,1.6704,1.7238,1.5858,1.6211,1.6549
1.843,5.9521,2.9042,4.3101,1.6506,1.684,1.6257,1.6187,1.6379
1.8348,5.9714,2.9719,4.3186,1.6608,1.7082,1.6369,1.6253,1.6205
1.8537,6.0114,2.9601,4.3431,1.6651,1.7403,1.6143,1.6517,1.6352
1.841,5.9201,2.9681,4.2055,1.6285,1.7301,1.5919,1.6168,1.6309
1.808,5.9752,2.9534,4.1994,1.6552,1.6889,1.6209,1.6246,1.6559
1.8712,6.0071,2.9377,4.2392,1.6414,1.6968,1.5923,1.6147,1.6483
1.8812,6.0165,2.9492,4.2421,1.6342,1.6934,1.6625,1.6169,1.6307
1.8722,5.9612,3.0278,4.3096,1.6544,1.6799,1.6223,1.5921,1.6265
1.8727,5.9027,3.0184,4.3245,1.6303,1.6953,1.6236,1.6116,1.6495
1.8354,5.9261,3.0189,4.3156,1.6684,1.6786,1.6006,1.5916,1.6328
1.8344,5.9321,2.9797,4.3529,1.6535,1.6662,1.6063,1.6111,1.6214
1.8529,5.8881,2.9926,4.2325,1.6422,1.6755,1.5871,1.5776,1.5906
1.8613,5.8521,2.9953,4.1876,1.6687,1.663,1.5534,1.6144,1.6292
1.8369,5.9523,3.0082,4.1911,1.6417,1.6728,1.5815,1.5954,1.5868
1.8551,5.9576,3.0225,4.1752,1.6512,1.6793,1.5993,1.568,1.582
1.8526,5.9341,3.0074,4.1919,1.6559,1.696,1.5855,1.5737,1.596
1.8478,5.8282,2.9843,4.2099,1.6504,1.6549,1.5753,1.5852,1.6222
1.8349,5.8343,2.9985,4.179,1.6557,1.6619,1.5962,1.6004,1.5822
1.846,5.8628,2.9904,4.2011,1.6469,1.6665,1.6153,1.6152,1.6079
1.9656,5.9141,2.9882,4.2356,1.6291,1.6501,1.5914,1.5844,1.5778
1.9572,5.8381,2.9807,4.234,1.5951,1.684,1.5945,1.6039,1.5716
1.9513,5.8417,2.9675,4.2249,1.6474,1.6493,1.5705,1.5407,1.5845
1.9366,5.8126,3.0191,4.2493,1.6682,1.6749,1.6015,1.5884,1.6016
1.9107,5.9534,2.9595,4.255,1.6611,1.651,1.5988,1.5836,1.5548
1.9348,5.8927,3.0044,4.2576,1.6454,1.6905,1.5947,1.588,1.5871
1.9462,5.8778,2.9907,4.2777,1.6574,1.6663,1.594,1.6198,1.5963
1.9403,5.9038,3.042,4.2315,1.653,1.6781,1.5767,1.5966,1.5796
1.9824,5.961,3.0312,4.2624,1.6637,1.6699,1.5736,1.6009,1.5738
1.9564,6.0094,3.0432,4.2426,1.6521,1.7047,1.6062,1.5808,1.599
1.941,6.0365,2.9999,4.2523,1.6415,1.6686,1.6019,1.5903,1.5773
1.9675,6.0621,3.04,4.2475,1.6064,1.6535,1.5835,1.5564,1.5734
1.9332,6.0458,2.9556,4.2169,1.6619,1.6812,1.6026,1.5528,1.5559
1.9435,5.9967,3.0114,4.2301,1.629,1.6664,1.5567,1.5829,1.5456
1.9024,6.0441,3.0205,4.2222,1.6353,1.6387,1.5683,1.5741,1.5473
1.8733,6.1071,3.0003,4.1933,1.6182,1.64,1.5609,1.5643,1.5447
1.8835,6.1025,3.0116,4.2306,1.6163,1.6663,1.6091,1.589,1.5685
1.9082,6.0662,3.0298,4.2015,1.6654,1.6527,1.5596,1.5787,1.5859
1.8977,6.0639,2.9961,4.1921,1.6297,1.7032,1.5651,1.5836,1.5655
1.9075,6.0697,3.0394,4.188,1.6483,1.6802,1.5269,1.5914,1.5654
1.91,6.0499,3.0256,4.202,1.6121,1.6359,1.5305,1.6041,1.5898
1.9315,6.0871,3.0231,4.2204,1.6623,1.6818,1.5243,1.5756,1.5473
1.8916,6.0947,2.9619,4.1992,1.6429,1.6382,1.5327,1.564,1.5421
1.8765,6.146,2.9436,4.2252,1.632,1.641,1.5427,1.5589,1.5775
1.8823,6.0263,3.0487,4.2468,1.6209,1.6153,1.5127,1.5592,1.5403
1.8917,6.0084,3.0485,4.2676,1.611,1.6458,1.5207,1.5611,1.5168
1.9059,5.899,3.0715,4.2677,1.6516,1.6525,1.5234,1.5693,1.5629
1.9148,5.9287,3.0796,4.2332,1.6206,1.6074,1.514,1.5731,1.5666
1.9064,5.9914,3.1178,4.2636,1.6474,1.6046,1.5065,1.605,1.5432
1.9179,5.988,3.0639,4.276,1.6222,1.6654,1.5129,1.5903,1.5552
1.9273,5.943,3.0042,4.2654,1.5948,1.6462,1.5729,1.5719,1.5809
1.893,5.9107,2.9878,4.2427,1.6012,1.6174,1.5304,1.6041,1.5635
1.9051,5.9164,2.9841,4.2734,1.6514,1.6294,1.5187,1.558,1.5522
1.9,5.9774,2.9663,4.2209,1.6513,1.6315,1.5015,1.5544,1.5645
1.9146,6.0636,2.9976,4.2338,1.6311,1.6408,1.4827,1.6066,1.5655
1.9156,5.9897,3.0187,4.2603,1.6068,1.6593,1.5236,1.576,1.5036
1.9321,5.9853,3.0246,4.2699,1.6106,1.6832,1.526,1.5901,1.5287
1.9181,6.0682,2.9945,4.2626,1.6181,1.6426,1.533,1.5819,1.5664
1.9338,6.0699,3.0077,4.2864,1.6266,1.6467,1.5227,1.5668,1.5716
1.9199,6.1024,2.9898,4.3158,1.6367,1.6648,1.5249,1.5414,1.5243
1.9048,6.1114,2.9908,4.3105,1.6277,1.6532,1.5085,1.5771,1.563
1.9137,6.0627,2.9824,4.3519,1.6386,1.6104,1.5179,1.5489,1.5498
1.9733,6.095,2.9099,4.3626,1.635,1.654,1.5173,1.5695,1.5503
1.9676,6.106,2.9584,4.3757,1.6169,1.6526,1.5218,1.5416,1.5625
1.9702,6.0819,2.9405,4.3979,1.6023,1.6525,1.4718,1.5242,1.5585
1.9751,6.0358,2.937,4.4206,1.6121,1.6256,1.4969,1.5772,1.5407
1.9884,6.0841,2.9511,4.4126,1.5976,1.6452,1.518,1.5812,1.5702
1.988,6.0313,2.9607,4.3797,1.5571,1.6535,1.5181,1.5672,1.546
1.9666,6.0415,2.9899,4.2677,1.5919,1.6358,1.5406,1.5335,1.545
1.9922,6.0657,2.9664,4.2952,1.6094,1.6529,1.5387,1.5655,1.6006
1.9841,6.0891,2.9927,4.2876,1.6151,1.6491,1.5415,1.5856,1.5549
1.9929,6.0876,2.9883,4.3098,1.599,1.6582,1.5117,1.5782,1.593
2.021,5.9447,2.9667,4.3794,1.605,1.6695,1.5565,1.593,1.5328
1.9893,5.9289,3.0039,4.394,1.6572,1.6634,1.552,1.5848,1.5347
1.9845,5.9088,2.9993,4.3395,1.5993,1.662,1.5516,1.6033,1.5854
1.9986,5.9606,2.9864,4.3642,1.6296,1.6422,1.5826,1.596,1.561
1.9513,5.9048,3.0279,4.385,1.6328,1.6534,1.5452,1.5986,1.5635
1.9471,5.8828,3.0074,4.4133,1.6337,1.6766,1.5655,1.6144,1.5863
1.9368,5.8951,3.0278,4.4108,1.63,1.7044,1.5485,1.5906,1.5705
1.9796,5.8687,3.0435,4.405,1.6651,1.6921,1.5774,1.636,1.5535
1.9383,5.8414,3.0469,4.3991,1.6658,1.7286,1.5728,1.5972,1.5679
1.9479,5.8264,3.0701,4.4339,1.6364,1.6662,1.5448,1.6371,1.5683
1.9478,5.871,3.1063,4.4484,1.6644,1.7084,1.5448,1.5799,1.6067
1.9782,5.8983,3.0988,4.4077,1.6457,1.6981,1.6065,1.6378,1.5809
1.9898,5.9301,3.0523,4.3964,1.6751,1.7254,1.5816,1.6372,1.5585
1.9767,5.9526,3.0756,4.3639,1.6588,1.7079,1.5495,1.64,1.5752
1.9552,5.9114,2.9945,4.3722,1.6789,1.7179,1.5323,1.6203,1.5789
1.9979,5.8786,3.0417,4.3858,1.6426,1.7358,1.5517,1.5997,1.5949
1.9837,5.8925,3.0559,4.4179,1.6665,1.7068,1.5492,1.6433,1.5676
1.9888,5.9016,3.022,4.3809,1.6399,1.6996,1.58,1.6172,1.5589
1.9689,5.938,3.0388,4.3603,1.6865,1.749,1.5714,1.6007,1.5598
1.9983,5.9575,3.0248,4.3692,1.6905,1.7231,1.6072,1.6494,1.6006
1.9838,6.0131,3.0374,4.2877,1.6659,1.6922,1.5679,1.6296,1.5848
1.9734,6.0045,2.9957,4.2929,1.7308,1.7376,1.6257,1.6615,1.6146
1.9916,5.9921,3.0059,4.2761,1.7021,1.7117,1.6105,1.6599,1.6043
1.9823,6.0186,3.0113,4.3284,1.6564,1.7297,1.5771,1.6303,1.5985
1.9858,6.0652,3.0307,4.3471,1.6579,1.7137,1.6057,1.6013,1.5535
1.9851,6.1326,3.0467,4.3334,1.7039,1.6998,1.5661,1.6619,1.5871
2.0009,6.1209,2.7867,4.3838,1.6522,1.7158,1.5753,1.6443,1.6095
1.9984,6.1311,2.7778,4.3744,1.6702,1.7485,1.5917,1.6595,1.6123
2.0059,6.1754,2.7658,4.3983,1.6622,1.7313,1.6106,1.6793,1.6297
2.0063,6.1761,2.788,4.4261,1.6751,1.7054,1.5925,1.6533,1.5909
2.0188,6.1946,2.8027,4.4387,1.7136,1.7342,1.6017,1.6665,1.6337
2.022,6.1862,2.8149,4.4493,1.6931,1.7324,1.6143,1.7062,1.624
2.0387,6.1153,2.8544,4.4444,1.7205,1.7546,1.6187,1.6725,1.6068
2.04,6.0859,2.849,4.4309,1.7029,1.7372,1.6067,1.6762,1.6671
2.0429,6.0541,2.8422,4.3806,1.6497,1.7339,1.589,1.6636,1.6118
2.0209,5.9339,2.8362,4.3959,1.6802,1.7572,1.5975,1.6604,1.6347
2.0095,5.9172,2.8179,4.4192,1.6703,1.7337,1.5708,1.655,1.6153
2.0144,5.9064,2.8464,4.4287,1.7079,1.7845,1.5856,1.6552,1.6073
2.0105,5.8753,2.9165,4.4076,1.6794,1.7013,1.612,1.6355,1.624
2.0162,5.9062,2.9421,4.4309,1.6845,1.7363,1.5837,1.6676,1.6168
2.0212,5.9041,2.9589,4.4869,1.6645,1.7256,1.6086,1.6466,1.6382
2.0307,6.0038,2.9832,4.5282,1.6813,1.7607,1.5902,1.6632,1.6578
2.0453,6.0342,3.0052,4.5388,1.6818,1.7771,1.6004,1.6832,1.6362
2.0301,5.9864,3.0045,4.5009,1.6874,1.7323,1.6437,1.6639,1.6229
2.0286,5.9708,2.9403,4.3972,1.7295,1.7195,1.6316,1.6821,1.653
2.0092,5.9519,2.918,4.3915,1.7041,1.7189,1.615,1.6555,1.6475
2.0271,5.9136,2.883,4.3746,1.6956,1.7407,1.5987,1.7017,1.646
2.0364,5.9673,2.9187,4.3883,1.6632,1.747,1.6028,1.6692,1.6307
2.0793,5.9354,2.9544,4.4833,1.7562,1.7226,1.6561,1.6691,1.683
2.0569,6.0058,2.9488,4.4716,1.7295,1.7438,1.6135,1.7035,1.6409
2.0626,6.0064,2.9316,4.4717,1.707,1.7379,1.6129,1.6747,1.642
2.0353,5.9378,2.8953,4.4386,1.6952,1.7459,1.6133,1.6802,1.6181
2.0321,5.963,2.8687,4.3288,1.6668,1.7128,1.6157,1.6348,1.6264
2.046,6.0101,2.9391,4.3695,1.7017,1.7383,1.6115,1.654,1.6545
2.0314,6.022,2.9145,4.3941,1.6916,1.7548,1.6709,1.6773,1.6887
2.036,6.0379,2.9189,4.3358,1.7348,1.7471,1.6442,1.6751,1.6326
2.051,6.0481,2.9219,4.3725,1.6821,1.7635,1.6301,1.6729,1.6658
2.0496,6.0027,2.9037,4.4089,1.6967,1.7257,1.6411,1.6669,1.6566
2.0254,5.9768,2.9093,4.3614,1.6927,1.718,1.6511,1.6676,1.656
2.0306,6.0127,2.8684,4.3483,1.6616,1.7089,1.6235,1.704,1.6494
2.0934,5.9703,2.9064,4.3529,1.7212,1.7179,1.6304,1.6651,1.6605
2.083,5.9617,2.8832,4.3379,1.7099,1.7294,1.6637,1.6438,1.6492
2.0778,5.916,2.9002,4.3157,1.6915,1.7184,1.6193,1.6129,1.6456
2.0632,5.9383,2.9015,4.3088,1.686,1.7292,1.6222,1.6653,1.6478
2.075,5.8896,2.8934,4.3131,1.6797,1.7516,1.6211,1.659,1.6584
2.078,5.9077,2.8933,4.3204,1.6716,1.7299,1.6453,1.6355,1.6527
2.0852,5.9156,2.8902,4.2743,1.702,1.7361,1.6362,1.6574,1.6136
2.0632,5.8737,2.8694,4.2858,1.6924,1.7411,1.6151,1.6873,1.6804
2.0657,5.8088,2.9188,4.2734,1.7002,1.7313,1.6561,1.6524,1.6744
2.0623,5.7941,2.9112,4.3053,1.6873,1.72,1.6386,1.6346,1.67
2.0511,5.8068,2.8996,4.2467,1.6732,1.7146,1.6251,1.6643,1.6421
2.08,5.7228,2.8857,4.2527,1.6513,1.7192,1.6126,1.6192,1.6439
2.0879,5.6934,2.8569,4.1415,1.6787,1.74,1.5852,1.6638,1.6363
2.0821,5.6837,2.8469,4.1772,1.6727,1.7304,1.6177,1.6579,1.6658
2.041,5.7724,2.8275,4.0802,1.6395,1.7031,1.6333,1.6244,1.6411
1.9956,5.7876,2.6997,4.0546,1.6573,1.6976,1.6363,1.6373,1.6293
2.0205,5.8506,2.7351,3.9163,1.6611,1.7025,1.5804,1.6452,1.6385
2.0036,5.8548,2.7306,3.9614,1.6596,1.6924,1.6235,1.6247,1.6103
2.0249,5.7965,2.7707,3.9781,1.6617,1.7085,1.616,1.643,1.6438
2.0073,5.8005,2.7522,3.9725,1.6602,1.6792,1.6051,1.6364,1.6394
1.9917,5.9045,2.6827,4.2035,1.6447,1.6977,1.6379,1.6347,1.6331
2.012,5.9011,2.7071,4.2418,1.6464,1.6644,1.5933,1.6475,1.6033
2.0104,5.8934,2.6995,4.2575,1.6859,1.7095,1.5903,1.6835,1.6223
1.9991,5.8103,2.7209,4.2683,1.6434,1.7041,1.6081,1.603,1.6198
1.9866,5.811,2.6828,4.0991,1.6542,1.6728,1.5857,1.592,1.608
2.0114,5.8185,2.7105,4.2094,1.6425,1.704,1.5954,1.6263,1.5756
1.9907,5.821,2.7388,4.2388,1.647,1.7019,1.6318,1.6108,1.6385
2.0369,5.8873,2.7627,4.2489,1.666,1.7298,1.5996,1.6183,1.6239
2.0418,5.9101,2.7531,4.2492,1.6753,1.7218,1.5917,1.6138,1.6208
2.0285,5.9424,2.785,4.188,1.6885,1.7262,1.6447,1.6123,1.6126
2.0345,5.9197,2.7793,4.2516,1.6702,1.7326,1.6113,1.6319,1.62
2.0347,5.8532,2.7576,4.2421,1.6713,1.7442,1.6307,1.6528,1.6512
2.0274,5.7494,2.7799,4.2112,1.7302,1.7661,1.6381,1.6397,1.6312
2.0204,5.7639,2.7663,4.2184,1.7155,1.7094,1.6618,1.6117,1.5996
2.0167,5.8099,2.7585,4.2466,1.7145,1.719,1.6474,1.6443,1.6034
2.0387,5.8564,2.8173,4.3156,1.7136,1.7442,1.6291,1.6343,1.6236
2.0308,5.8795,2.768,4.317,1.7226,1.736,1.6254,1.6809,1.6411
2.0093,5.8964,2.7703,4.3268,1.692,1.7124,1.634,1.6258,1.5968
2.0151,5.8949,2.7527,4.3088,1.7068,1.7311,1.6439,1.6476,1.6301
2.0039,5.9904,2.6868,4.2531,1.6701,1.6894,1.6124,1.628,1.6158
1.9787,5.8881,2.6835,4.1357,1.6997,1.7141,1.6184,1.6471,1.6205
1.9809,5.9506,2.6755,4.155,1.6762,1.7385,1.6261,1.6112,1.6031
2.0074,5.8928,2.6911,4.1631,1.6891,1.7051,1.6335,1.6111,1.5992
2.008,5.9278,2.6787,4.1745,1.722,1.7212,1.6425,1.6327,1.5913
1.9695,5.8933,2.654,4.2004,1.7104,1.703,1.6246,1.5848,1.5981
1.954,5.8639,2.6742,4.1253,1.694,1.7198,1.6587,1.5842,1.5704
1.9905,5.8896,2.7255,4.1117,1.6994,1.7518,1.617,1.605,1.6186
1.9608,5.9515,2.6954,4.1433,1.7091,1.714,1.6705,1.5946,1.638
1.9903,5.9133,2.6862,4.0961,1.6772,1.6999,1.6182,1.6211,1.5958
1.9853,5.9305,2.6971,4.0814,1.6931,1.697,1.6109,1.613,1.5928
1.9481,5.9063,2.677,4.0208,1.6629,1.6736,1.6095,1.6095,1.58
1.9721,5.8271,2.6812,4.0849,1.7157,1.7161,1.6,1.5973,1.5783
1.9872,5.8726,2.6848,4.1122,1.7095,1.6985,1.6706,1.5843,1.543
1.9743,6.0273,2.6786,4.0893,1.7189,1.7123,1.6212,1.637,1.5699
2.0021,6.0654,2.7082,4.1045,1.7395,1.7211,1.6397,1.6537,1.5897
1.9774,6.0384,2.6868,4.1114,1.6855,1.739,1.6421,1.617,1.5708
2.0291,6.0522,2.6113,4.0692,1.6873,1.7363,1.6267,1.5972,1.5543
1.9993,6.091,2.6147,4.1469,1.6885,1.6934,1.6456,1.5873,1.5322
2.0208,6.1097,2.6312,4.0961,1.7383,1.693,1.6329,1.6203,1.5738
2.0034,6.125,2.5802,4.0658,1.6947,1.6911,1.6444,1.6243,1.5539
2.0063,6.078,2.637,4.1732,1.7128,1.7157,1.6478,1.6234,1.5679
2.0027,6.1335,2.5839,4.1701,1.6881,1.7164,1.6109,1.6092,1.5759
2.0301,6.2232,2.5856,4.1693,1.7385,1.7476,1.6463,1.6112,1.5939
2.0016,6.238,2.5951,4.1611,1.7536,1.708,1.651,1.6499,1.5515
2.0581,6.1847,2.5886,4.1616,1.7397,1.7669,1.6463,1.6185,1.6159
2.0629,6.2038,2.6566,4.1812,1.7433,1.7269,1.6387,1.6398,1.6161
2.0834,6.1672,2.6516,4.2437,1.75,1.7357,1.6276,1.6582,1.5981
2.0802,6.2045,2.6404,4.2129,1.7254,1.7569,1.6494,1.681,1.5955
2.0786,6.2248,2.6209,4.2318,1.7192,1.7537,1.6609,1.6475,1.5926
2.0609,6.1792,2.6429,4.1372,1.7094,1.7449,1.6345,1.63,1.6009
1.9841,6.1733,2.6002,4.159,1.7242,1.7113,1.6158,1.6313,1.5655
1.9588,6.2041,2.6317,4.1087,1.7085,1.7142,1.6439,1.6488,1.573
1.9527,6.252,2.5972,4.1493,1.7157,1.7356,1.6374,1.6828,1.575
1.9279,6.1831,2.5884,4.0915,1.7234,1.7224,1.6641,1.6547,1.5687
1.9623,6.0886,2.5237,4.0862,1.7118,1.7198,1.6604,1.6513,1.6284
1.9499,6.0768,2.5313,4.1179,1.7476,1.7702,1.6706,1.6663,1.5804
1.9303,6.1061,2.5132,4.0941,1.7321,1.7583,1.6379,1.6574,1.625
1.9165,6.1386,2.496,4.05,1.721,1.6882,1.6275,1.6503,1.6108
1.9427,6.1228,2.508,4.0554,1.7058,1.7244,1.6778,1.7122,1.5741
1.9282,6.0753,2.5132,4.0617,1.7167,1.7081,1.6165,1.6625,1.6123
1.9303,6.1779,2.6079,4.0284,1.7609,1.7446,1.6515,1.6562,1.6063
1.9344,6.2059,2.5985,4.0617,1.7072,1.7185,1.6623,1.6712,1.6226
1.9247,6.2728,2.5745,4.0095,1.711,1.7184,1.6155,1.639,1.6097
1.9395,6.1242,2.5922,4.0051,1.7199,1.7027,1.6151,1.6529,1.5868
1.9416,6.0878,2.599,3.972,1.7314,1.7264,1.6665,1.6193,1.5471
1.9486,6.0768,2.5657,3.9759,1.7154,1.683,1.5964,1.6723,1.6047
1.956,6.0817,2.4631,4.0073,1.7413,1.7218,1.6631,1.6977,1.6267
1.9341,6.0302,2.4863,4.0298,1.7291,1.7344,1.6303,1.6855,1.6309
1.941,5.9221,2.4472,4.0593,1.7117,1.7744,1.606,1.6693,1.6293
1.951,5.9792,2.4749,4.054,1.7399,1.7443,1.6427,1.691,1.653
1.9251,5.9592,2.4586,4.0064,1.726,1.6957,1.6423,1.6631,1.6309
1.9347,5.9578,2.4562,4.0246,1.7218,1.7208,1.6644,1.6469,1.6409
1.9222,6.0974,2.6438,4.0147,1.7227,1.7049,1.6486,1.7098,1.6749
1.9234,6.1339,2.6194,3.974,1.7413,1.7325,1.6347,1.6758,1.6459
1.9165,6.1877,2.6115,3.9909,1.7102,1.6876,1.6321,1.679,1.6409
1.9312,6.1443,2.6066,3.9741,1.7749,1.7057,1.6019,1.7448,1.6328
1.9237,6.1353,2.6005,3.9612,1.7563,1.6829,1.6451,1.6828,1.63
1.9315,6.1909,2.6236,3.9122,1.7232,1.7075,1.6316,1.6588,1.6699
2.059,6.1962,2.7343,3.928,1.7499,1.6955,1.6795,1.6546,1.6503
2.0367,6.1968,2.7336,3.9093,1.7437,1.7163,1.6012,1.6935,1.666
2.0679,6.1612,2.7403,3.8905,1.7441,1.7257,1.6498,1.7336,1.6864
2.0508,6.2037,2.7333,3.9207,1.7447,1.7429,1.6193,1.7335,1.6897
2.073,6.1493,2.7368,3.9253,1.7534,1.715,1.6774,1.7159,1.7006
2.0739,6.1713,2.7285,3.9536,1.7626,1.7632,1.6489,1.7384,1.6736
2.0426,6.1717,2.624,3.9391,1.7741,1.7165,1.641,1.7131,1.7153
2.068,6.2006,2.6828,3.9397,1.7859,1.7214,1.6601,1.7237,1.6751
2.04,6.1838,2.6389,3.8984,1.7504,1.7142,1.6323,1.7167,1.6546
2.0677,6.1245,2.6567,3.9372,1.7715,1.7456,1.672,1.7465,1.6962
2.0682,6.0586,2.6739,3.9778,1.8294,1.7335,1.6582,1.7452,1.6849
2.0965,6.074,2.679,3.9902,1.7894,1.7687,1.6592,1.7058,1.7112
2.0971,6.0828,2.8541,3.9581,1.793,1.7375,1.6902,1.7561,1.6917
2.1103,6.1211,2.8389,3.9987,1.8069,1.7598,1.6583,1.7546,1.7129
2.0953,6.0392,2.8271,4.014,1.8139,1.7633,1.7101,1.7579,1.6484
2.221,6.1007,2.8587,3.9803,1.7946,1.7576,1.676,1.7182,1.7055
2.2705,6.1021,2.8796,4.0313,1.7869,1.7453,1.6703,1.7546,1.7023
2.2431,6.075,2.8374,3.9861,1.7981,1.7346,1.6816,1.7327,1.6828
2.1939,6.0274,2.89,3.9388,1.804,1.7321,1.682,1.7483,1.6964
2.2223,6.0213,2.8785,4.0108,1.7707,1.7398,1.6533,1.7319,1.6807
2.218,5.9657,2.8507,3.9613,1.8088,1.7133,1.6962,1.7464,1.6905
2.2259,5.9484,2.8609,3.9492,1.7538,1.7185,1.6531,1.7673,1.6924
2.1927,5.9784,2.87,3.9181,1.7703,1.7264,1.6616,1.7487,1.7019
2.2067,5.9709,2.8778,3.8973,1.7921,1.7387,1.6722,1.7112,1.6991
2.2174,6.0062,2.8987,3.8765,1.8054,1.7251,1.6421,1.7601,1.7359
2.2112,6.0309,2.8939,3.8837,1.8076,1.7221,1.6404,1.7312,1.6862
2.2145,6.011,2.8992,3.8958,1.7904,1.7413,1.6678,1.742,1.6801
2.2395,5.9927,2.9475,3.864,1.8138,1.745,1.6725,1.7473,1.7051
2.2109,6.0203,2.8939,3.8719,1.8031,1.6936,1.6841,1.7643,1.6887
1.9199,5.9555,2.8504,3.8263,1.818,1.7283,1.6609,1.7113,1.6844
1.8997,5.9964,2.7579,3.8565,1.7781,1.7474,1.6516,1.745,1.6641
1.9272,6.0425,2.7403,3.8179,1.7931,1.7197,1.6262,1.7233,1.6711
1.9316,6.0089,2.7885,3.8502,1.8008,1.7475,1.6637,1.7253,1.6657
1.9416,5.9991,2.7797,3.8671,1.8021,1.7406,1.6503,1.7467,1.6864
1.8934,5.9099,2.7937,3.8663,1.7951,1.7123,1.6578,1.7353,1.6716
1.9379,5.9898,2.7951,3.8813,1.777,1.7333,1.6625,1.7215,1.6883
1.9479,6.0409,2.8363,3.8827,1.7874,1.7601,1.694,1.759,1.6907
1.9302,6.011,2.8612,3.902,1.8026,1.7086,1.6673,1.7094,1.691
1.9432,6.0212,2.8135,3.8546,1.8546,1.7589,1.7106,1.7649,1.7004
1.9082,6.0261,2.8185,3.8424,1.8037,1.7216,1.6872,1.7618,1.649
1.9249,6.0377,2.7866,3.8431,1.817,1.6978,1.6718,1.769,1.6814
1.912,6.0213,2.8216,3.8629,1.7914,1.7272,1.6751,1.7313,1.673
1.9372,6.0755,2.8366,3.849,1.824,1.7651,1.7101,1.7644,1.7188
2.0024,6.1074,2.7379,3.926,1.8294,1.7532,1.6808,1.761,1.6818
1.9855,6.0615,2.7232,3.8955,1.842,1.7413,1.7301,1.7543,1.6832
1.9683,6.0728,2.7089,3.9298,1.8355,1.7251,1.7259,1.7593,1.6749
1.9881,6.0023,2.7167,3.951,1.8361,1.749,1.705,1.7337,1.6909
1.9806,6.0037,2.754,3.9298,1.8509,1.7453,1.7234,1.7358,1.6582
1.9962,5.9729,2.7011,3.9304,1.8577,1.7582,1.716,1.7375,1.7165
1.978,6.0924,2.6795,3.866,1.8092,1.7322,1.7028,1.7651,1.6775
1.9811,5.9144,2.6779,3.8661,1.8222,1.7122,1.7017,1.7137,1.7253
1.9846,5.9257,2.6959,3.8616,1.8215,1.7622,1.6911,1.7379,1.6576
1.9754,5.9892,2.7031,3.834,1.8154,1.7647,1.7072,1.7676,1.6896
1.9827,5.9631,2.6634,3.8321,1.8488,1.7525,1.6988,1.7441,1.6742
1.9777,5.9478,2.5773,3.8484,1.824,1.7517,1.7002,1.7334,1.7254
1.963,5.8731,2.5906,3.8706,1.8233,1.7569,1.7251,1.7379,1.6874
1.95,5.9082,2.5609,3.8699,1.8494,1.7495,1.7014,1.7552,1.7245
1.9726,5.7949,2.5854,3.9534,1.8608,1.7645,1.6857,1.7354,1.6975
1.9619,5.7917,2.5619,3.9599,1.8526,1.7937,1.7249,1.7647,1.6893
1.9478,5.8619,2.5539,3.953,1.8246,1.7403,1.7193,1.7365,1.7188
1.941,5.822,2.6793,3.9453,1.8753,1.7853,1.7251,1.7515,1.7381
1.9918,5.879,2.7376,3.9909,1.887,1.7537,1.7221,1.7881,1.7294
1.9734,5.9206,2.7422,3.9926,1.8845,1.7624,1.7082,1.7543,1.7407
1.979,5.8984,2.7264,4.0209,1.8623,1.788,1.7365,1.7684,1.756
1.9595,5.7645,2.7454,3.9993,1.9096,1.7817,1.7014,1.7747,1.7385
1.9975,5.7507,2.7637,3.9888,1.8816,1.8438,1.716,1.79,1.7293
1.9853,5.6628,2.7614,4.0156,1.8646,1.7942,1.7364,1.7764,1.747
1.9447,5.5917,2.7094,3.9617,1.862,1.7487,1.7013,1.7169,1.7024
1.9511,5.6652,2.7289,3.9514,1.83,1.7616,1.7142,1.761,1.7316
1.95,5.7156,2.7422,3.9668,1.8718,1.7187,1.7218,1.7417,1.7414
2.0338,5.8047,2.7186,3.9449,1.9006,1.7568,1.7012,1.7617,1.7042
2.0022,5.7972,2.65,3.9339,1.8673,1.7372,1.6866,1.7614,1.711
1.9873,5.8366,2.6702,3.9081,1.839,1.768,1.6776,1.7307,1.6847
2.0015,5.8892,2.5765,3.9148,1.8555,1.7959,1.6989,1.7555,1.7207
1.9937,5.8661,2.5759,3.8926,1.8503,1.7078,1.7139,1.7324,1.7189
1.9958,5.8269,2.5907,3.9135,1.8654,1.7292,1.683,1.7456,1.7062
1.9882,5.8136,2.5856,3.9298,1.8359,1.7682,1.6416,1.717,1.7149
2.0036,5.8343,2.5702,3.9316,1.8656,1.716,1.6938,1.7124,1.7146
1.9842,5.7733,2.6297,3.9229,1.8507,1.7572,1.6649,1.726,1.698
1.9586,5.768,2.6207,3.9294,1.8112,1.7386,1.6607,1.7188,1.7035
1.9743,5.7627,2.6472,3.9321,1.8697,1.7497,1.6944,1.755,1.6733
1.9903,5.7087,2.6686,3.9414,1.8303,1.7467,1.7041,1.736,1.673
1.9757,5.7562,2.6523,3.8963,1.8798,1.7063,1.6872,1.7719,1.6961
1.9694,5.7938,2.6635,3.9191,1.855,1.7449,1.688,1.7414,1.6875
1.9512,5.9292,2.8083,3.9309,1.8855,1.7094,1.69,1.7606,1.6745
1.9259,5.9295,2.7724,3.9277,1.8506,1.7192,1.6713,1.7339,1.6955
1.9415,5.9887,2.8154,3.9112,1.8944,1.7425,1.677,1.7797,1.7045
1.9446,6.0226,2.8003,3.9067,1.8451,1.7198,1.6778,1.7367,1.7344
1.9137,6.0446,2.8061,3.9007,1.8358,1.7144,1.6412,1.7491,1.6933
1.9089,6.0586,2.7817,3.8963,1.8807,1.7702,1.6214,1.7415,1.723
1.9408,6.0474,2.7859,3.9259,1.8221,1.7905,1.677,1.7659,1.7091
1.9654,6.0132,2.8098,3.9703,1.8625,1.7435,1.658,1.7815,1.7094
1.9486,6.0916,2.766,3.936,1.8907,1.7316,1.6506,1.7838,1.7451
1.9526,6.0723,2.782,3.9711,1.8768,1.7604,1.6598,1.7897,1.7086
1.976,6.0653,2.8215,4.0192,1.8894,1.7824,1.6522,1.7979,1.7621
1.9513,6.0492,2.8384,3.9861,1.8654,1.758,1.6496,1.7731,1.7287
1.9702,6.0312,2.7589,4.0109,1.8636,1.8105,1.6488,1.7882,1.7606
1.9276,5.9856,2.7519,3.9804,1.8703,1.7881,1.6545,1.7913,1.7564
2.0257,6.002,2.7151,3.8952,1.9009,1.7862,1.6638,1.7779,1.7165
2.0356,5.9973,2.6873,3.9207,1.8408,1.7491,1.6207,1.7775,1.7148
2.0234,5.9583,2.7006,3.8997,1.8572,1.7504,1.6263,1.7854,1.7171
2.0451,5.9909,2.6641,3.9004,1.8456,1.7874,1.5627,1.7805,1.7267
2.0073,5.9747,2.7634,3.845,1.8468,1.791,1.6351,1.7679,1.7077
2.0199,5.9753,2.7511,3.8342,1.8848,1.6908,1.5963,1.7937,1.7352
2.0043,5.7642,2.6828,3.7438,1.8153,1.755,1.5938,1.7783,1.7175
2.0113,5.7108,2.711,3.8007,1.8179,1.7823,1.6099,1.7681,1.693
2.0219,5.5891,2.7039,3.8344,1.8471,1.7636,1.6146,1.7487,1.6876
1.9799,5.6099,2.6865,3.7603,1.8412,1.7383,1.5699,1.7306,1.6875
2.0079,5.6082,2.8028,3.7907,1.8586,1.7258,1.5743,1.7326,1.6751
2.0194,5.642,2.8081,3.7757,1.8505,1.7029,1.5764,1.7555,1.7002
2.0274,5.5979,2.8295,3.8312,1.8586,1.7681,1.5978,1.7845,1.6876
2.0172,5.6954,2.803,3.8269,1.8236,1.7857,1.5592,1.7593,1.7267
1.9171,5.6957,2.8345,3.8007,1.9016,1.7861,1.5956,1.7726,1.7174
1.9427,5.6626,2.8388,3.8131,1.8285,1.7553,1.5451,1.7505,1.6973
1.9606,5.8248,2.6955,3.7832,1.8608,1.7495,1.586,1.7583,1.7173
1.9562,5.8089,2.6988,3.773,1.9023,1.7613,1.5775,1.803,1.7456
1.9593,5.8193,2.7206,3.827,1.9329,1.7861,1.5567,1.7742,1.7141
1.9402,5.8321,2.7148,3.7971,1.8799,1.7474,1.5576,1.7969,1.7014
1.9441,5.8834,2.7331,3.8378,1.8919,1.7388,1.571,1.7978,1.7344
1.9464,5.8565,2.7206,3.8323,1.8668,1.7817,1.5748,1.7935,1.723
1.9153,5.8638,2.5836,3.8208,1.8315,1.7803,1.5577,1.7773,1.7142
1.9327,5.7805,2.5971,3.8611,1.8651,1.7578,1.581,1.7649,1.7226
1.9445,5.8232,2.618,3.8447,1.8946,1.7604,1.5322,1.7742,1.7164
1.9688,5.7771,2.6193,3.8587,1.8687,1.7576,1.5669,1.7712,1.7013
1.9475,5.7043,2.6062,3.865,1.918,1.7447,1.5643,1.7412,1.6982
1.9357,5.7413,2.5946,3.8326,1.8756,1.7726,1.5241,1.7488,1.6675
1.9986,5.7673,2.6454,3.8391,1.8762,1.7572,1.5473,1.7603,1.6975
1.9672,5.7591,2.5882,3.8323,1.8396,1.7345,1.5443,1.7284,1.6901
1.968,5.7546,2.619,3.8282,1.8558,1.7455,1.5531,1.7588,1.6672
1.9732,5.7793,2.6144,3.8029,1.8767,1.7757,1.572,1.778,1.7194
2.0014,5.7597,2.6381,3.7807,1.8875,1.7657,1.5719,1.7634,1.6995
1.9988,5.655,2.6386,3.8005,1.8966,1.7186,1.5632,1.7726,1.6831
1.9668,5.7836,2.6264,3.7911,1.8572,1.8039,1.5568,1.7456,1.7063
1.982,5.6549,2.6218,3.78,1.8467,1.7362,1.5638,1.7425,1.7056
1.9541,5.7169,2.6022,3.7953,1.85,1.7444,1.5579,1.7234,1.7169
1.9847,5.7206,2.6221,3.7808,1.8696,1.8109,1.5728,1.7662,1.7001
1.9848,5.718,2.6303,3.7754,1.9027,1.7854,1.5826,1.7435,1.7165
1.9919,5.7138,2.6296,3.732,1.8886,1.769,1.5507,1.7526,1.6863
1.9883,5.6707,2.5954,3.78,1.9066,1.763,1.5706,1.7371,1.6922
1.9774,5.705,2.6168,3.7555,1.8723,1.7802,1.5671,1.7465,1.6869
2.0628,5.6321,2.5901,3.7512,1.8767,1.7516,1.564,1.7637,1.6804
2.0418,5.5933,2.5718,3.699,1.8811,1.7852,1.6085,1.7576,1.695
2.0482,5.5953,2.5855,3.683,1.8911,1.732,1.5694,1.7583,1.6932
2.0802,5.6448,2.584,3.7152,1.9081,1.8231,1.586,1.7862,1.7018
2.0984,5.7322,2.5599,3.7095,1.8833,1.8151,1.5681,1.7798,1.6954
2.1226,5.7537,2.5717,3.7623,1.9552,1.8116,1.6293,1.794,1.7192
2.1002,5.6806,2.5433,3.7477,1.8901,1.8686,1.5727,1.8136,1.6979
2.1179,5.6875,2.5793,3.7342,1.9359,1.8186,1.5978,1.7765,1.7159
2.1092,5.5971,2.562,3.7139,1.9676,1.8054,1.5909,1.7737,1.7091
2.13,5.6575,2.5872,3.7642,1.923,1.8034,1.6044,1.8127,1.7339
2.1177,5.6225,2.568,3.7406,1.9226,1.7908,1.5494,1.7858,1.7201
2.105,5.6397,2.5749,3.7587,1.9476,1.8232,1.5941,1.7526,1.6993
2.1171,5.702,2.5648,3.7611,1.9074,1.847,1.5829,1.8229,1.7226
2.1218,5.5833,2.5772,3.7416,1.9258,1.8155,1.5926,1.7986,1.7201
2.0683,5.5744,2.5625,3.7153,1.9469,1.8171,1.5763,1.8094,1.7042
2.1025,5.5881,2.5799,3.6728,1.9421,1.8183,1.6219,1.8048,1.692
2.094,5.6723,2.6204,3.6947,1.9175,1.8325,1.6313,1.7665,1.7033
2.0585,5.6766,2.6196,3.6487,1.9452,1.8093,1.6024,1.7913,1.7452
2.0819,5.6647,2.5979,3.6453,1.9129,1.8641,1.653,1.8093,1.7132
2.1238,5.6702,2.6499,3.6658,1.9732,1.8569,1.6348,1.8485,1.7057
2.1202,5.7438,2.6231,3.6551,1.9984,1.8406,1.6386,1.8416,1.7298
2.1265,5.7622,2.623,3.7088,1.9602,1.8707,1.6384,1.7849,1.7096
2.1341,5.6333,2.5966,3.6896,1.947,1.8493,1.6298,1.7979,1.7498
2.1264,5.6618,2.5884,3.6593,1.9505,1.8902,1.6258,1.8073,1.7565
2.1052,5.69,2.6101,3.7124,1.9582,1.835,1.6237,1.8202,1.7474
2.1519,5.748,2.5841,3.6951,1.9274,1.8554,1.6484,1.8252,1.7369
2.1321,5.7013,2.6202,3.7666,1.956,1.8542,1.6514,1.84,1.7425
2.1542,5.7191,2.577,3.7661,1.9251,1.8522,1.6042,1.8268,1.7201
2.0671,5.662,2.6368,3.7204,1.9266,1.8615,1.6471,1.8213,1.7321
2.1639,5.6598,2.6531,3.7868,1.9673,1.8659,1.6273,1.7735,1.7568
2.1828,5.6708,2.6601,3.8198,1.9532,1.9072,1.6445,1.8572,1.7309
2.1327,5.5387,2.6378,3.7937,1.9455,1.8505,1.5981,1.8422,1.7325
2.0718,5.5918,2.6235,3.7564,1.9667,1.8322,1.6704,1.8124,1.7433
2.0939,5.5909,2.6606,3.8664,1.9548,1.8703,1.6296,1.8666,1.7676
2.127,5.6625,2.7583,3.8302,1.9912,1.8839,1.6429,1.8514,1.7311
2.0804,5.6668,2.7512,3.8344,1.9685,1.897,1.6388,1.8174,1.7408
2.1232,5.6555,2.7604,3.8161,1.9449,1.8682,1.65,1.8406,1.763
2.1387,5.6827,2.7561,3.8442,1.941,1.9069,1.6143,1.8465,1.7532
2.0851,5.637,2.7381,3.729,1.9612,1.9102,1.6409,1.8748,1.7575
2.1153,5.7381,2.7825,3.8094,1.9724,1.9149,1.6427,1.8883,1.7528
2.0999,5.7408,2.699,3.7557,1.9534,1.8724,1.6127,1.8779,1.7587
2.1555,5.7513,2.6967,3.7533,1.9736,1.871,1.6707,1.8321,1.7849
2.1644,5.748,2.7254,3.7267,1.981,1.9142,1.6537,1.8673,1.7946
2.2031,5.7396,2.7253,3.7382,2.0184,1.9154,1.6642,1.8674,1.7563
2.1574,5.6378,2.6885,3.7094,1.96,1.8758,1.6408,1.8241,1.7793
2.1291,5.6157,2.6977,3.7146,1.9946,1.8591,1.6342,1.8396,1.7685
2.0725,5.57,2.7477,3.6504,1.9613,1.9013,1.6541,1.8459,1.7301
2.1016,5.4785,2.725,3.6134,1.9659,1.8711,1.644,1.8204,1.778
2.1327,5.4631,2.7619,3.6921,1.9436,1.9031,1.6421,1.8203,1.7759
2.0811,5.5291,2.7502,3.662,1.98,1.8934,1.6641,1.8709,1.7904
2.1196,5.543,2.7492,3.7052,1.9374,1.8847,1.6601,1.8331,1.8246
2.1014,5.5345,2.7476,3.7235,1.985,1.8848,1.6684,1.82,1.805
2.1003,5.4202,2.7201,3.6832,1.8851,1.8823,1.6817,1.8654,1.7795
2.0935,5.4887,2.6991,3.6777,1.9066,1.9257,1.6491,1.8455,1.7838
2.1197,5.5058,2.7289,3.6351,1.9184,1.8692,1.6868,1.8172,1.7766
2.123,5.4192,2.6875,3.6338,1.9042,1.864,1.6541,1.8436,1.7797
2.0805,5.4651,2.6659,3.6174,1.9131,1.865,1.6268,1.8126,1.8112
2.114,5.4635,2.6916,3.681,1.9279,1.8844,1.6632,1.8283,1.741
2.0956,5.482,2.6723,3.6139,1.9249,1.8413,1.6535,1.8418,1.7498
2.0908,5.5409,2.6938,3.6103,1.9324,1.8694,1.6342,1.8323,1.756
2.0916,5.5738,2.6846,3.6073,1.9007,1.8813,1.6395,1.8384,1.7871
2.1097,5.6158,2.696,3.6646,1.9537,1.8904,1.6847,1.8856,1.811
2.1286,5.5971,2.712,3.7181,1.9417,1.9,1.657,1.8571,1.7785
2.1111,5.5901,2.7497,3.7071,1.932,1.8684,1.6447,1.8737,1.844
2.1094,5.5935,2.7251,3.6793,1.9415,1.8871,1.6473,1.8598,1.7953
2.0891,5.5469,2.7053,3.6867,1.9224,1.8783,1.6609,1.8726,1.7885
2.0981,5.5715,2.702,3.6471,1.9132,1.8806,1.6503,1.8373,1.7955
2.1095,5.5139,2.7048,3.6296,1.9464,1.9023,1.6961,1.8744,1.8245
2.1369,5.4873,2.718,3.6306,1.9443,1.8842,1.6609,1.8681,1.8373
2.1007,5.4439,2.691,3.6259,1.9442,1.9123,1.6674,1.845,1.8381
2.2225,5.5207,2.6739,3.6782,1.9651,1.9194,1.683,1.8853,1.8228
2.1989,5.4997,2.645,3.6661,1.9208,1.8736,1.7113,1.9139,1.836
2.1996,5.5914,2.6184,3.6211,1.9627,1.8992,1.7212,1.8895,1.829
2.2357,5.5939,2.6745,3.6995,1.9965,1.9424,1.7528,1.9209,1.8332
2.2094,5.6417,2.645,3.675,1.9625,1.9422,1.7295,1.9047,1.8352
2.182,5.7423,2.6596,3.7053,1.9855,1.9386,1.732,1.8876,1.7999
2.2378,5.6228,2.6256,3.7082,1.9715,1.9297,1.7445,1.8821,1.8165
2.2024,5.5865,2.6494,3.6878,1.9711,1.9749,1.7614,1.8846,1.8429
2.2142,5.5485,2.6182,3.6536,1.9614,1.9588,1.7473,1.895,1.8213
2.2154,5.5601,2.6385,3.6709,1.9803,1.9576,1.7374,1.8982,1.8413
2.2201,5.5783,2.6132,3.6368,2.0022,1.9177,1.7677,1.9029,1.8186
2.2362,5.5298,2.6072,3.6247,1.9958,1.9107,1.7498,1.9234,1.8458
2.2316,5.5769,2.6225,3.6594,1.9499,1.9616,1.7655,1.9443,1.8127
2.2244,5.5916,2.6679,3.6429,1.9919,1.9357,1.7628,1.9194,1.8614
1.9929,5.6727,2.6384,3.607,2.0169,1.9337,1.7952,1.8977,1.8313
2.0093,5.6419,2.686,3.6405,1.9552,1.9407,1.7763,1.8984,1.8415
2.0307,5.6437,2.6913,3.6244,1.9958,1.9537,1.7699,1.9161,1.8061
2.0446,5.5711,2.7133,3.6548,1.954,1.953,1.7805,1.9248,1.8324
2.0246,5.6082,2.5363,3.624,2.0009,1.9563,1.7921,1.9094,1.8661
2.044,5.6024,2.5685,3.6692,2.0163,1.9742,1.8279,1.9098,1.8255
2.0452,5.6563,2.5575,3.5978,2.0003,1.9331,1.8179,1.893,1.8651
2.0909,5.7008,2.5874,3.59,2.0182,1.9884,1.8203,1.9515,1.8351
2.0513,5.7101,2.6114,3.6175,2.036,1.9768,1.8341,1.9207,1.8947
2.051,5.7043,2.586,3.6218,2.0212,1.9449,1.8279,1.8664,1.8819
2.0669,5.7018,2.5392,3.6531,2.0655,2.0025,1.8271,1.9361,1.915
2.0488,5.7099,2.542,3.6493,2.0262,1.9603,1.8353,1.9183,1.8693
2.056,5.6376,2.5214,3.6728,2.0215,2.0345,1.8436,1.9178,1.8865
2.0685,5.6544,2.5154,3.6182,1.99,1.9717,1.7986,1.9212,1.8509
1.9261,5.6733,2.512,3.595,2.0331,2.0134,1.8524,1.9066,1.8546
1.939,5.6962,2.5164,3.6259,2.0572,2.0499,1.8502,1.9296,1.848
1.9237,5.7053,2.4984,3.594,2.0262,2.0122,1.828,1.8761,1.8338
1.8878,5.7204,2.5389,3.5909,2.0072,1.9876,1.8685,1.9274,1.8828
1.939,5.6537,2.5272,3.5566,2.0291,2.0053,1.8429,1.9303,1.8542
1.9163,5.6457,2.4831,3.5311,2.0281,2.0207,1.8355,1.9364,1.8533
1.9288,5.6287,2.4918,3.5352,2.0125,1.9858,1.836,1.9019,1.8385
1.9496,5.5661,2.4859,3.5624,2.0479,2.0039,1.8863,1.9232,1.916
1.9142,5.6406,2.4676,3.5576,2.0525,2.0011,1.8948,1.9464,1.9116
1.9909,5.6731,2.4915,3.5724,2.0528,1.9693,1.9047,1.9559,1.8581
1.9899,5.8707,2.5067,3.571,2.0585,1.9822,1.9001,1.937,1.9089
1.9862,5.8749,2.458,3.57,2.0278,2.0206,1.8947,1.9405,1.9261
1.9725,5.8822,2.4951,3.6081,2.0348,1.9873,1.873,1.9686,1.9116
1.9669,5.8682,2.4629,3.5819,2.05,2.0335,1.8769,1.9393,1.8974
1.8767,5.9161,2.3857,3.5885,2.0474,1.979,1.9137,1.9449,1.8607
1.8677,5.878,2.3972,3.6044,2.0512,2.0184,1.8731,1.9401,1.8952
1.8629,5.8739,2.4023,3.6143,2.0224,2.0158,1.8714,1.9705,1.8545
1.9185,5.8866,2.428,3.6542,2.0169,2.0001,1.8769,1.9561,1.8577
1.8254,5.9199,2.3879,3.6433,2.0165,1.9613,1.8878,1.9252,1.8555
1.8324,5.9161,2.4384,3.6529,2.0254,2.0128,1.9181,1.9495,1.8452
1.8485,5.8909,2.4932,3.6963,2.0013,2.0175,1.8902,1.9276,1.8809
1.8761,5.829,2.4508,3.6539,2.0466,2.0034,1.8781,1.9658,1.8931
1.8461,5.9029,2.4537,3.6803,2.0051,2.0091,1.8986,1.9739,1.9035
1.8608,5.9582,2.4776,3.762,2.0341,2.0402,1.9142,1.9715,1.9263
1.8643,6.0177,2.468,3.7658,2.0419,2.0073,1.9534,2.0086,1.8926
1.9102,5.9833,2.4876,3.7793,2.0581,2.0514,1.9164,1.9776,1.9249
1.9099,6.0114,2.312,3.765,2.0329,2.0372,1.9371,2.0076,1.864
1.9224,5.9734,2.3294,3.7731,2.0636,2.0278,1.9105,2.0053,1.8997
1.9843,5.9301,2.3084,3.738,2.0513,2.0324,1.9115,2.0086,1.9518
2.0135,5.9359,2.3123,3.7332,2.0418,2.0222,1.909,1.9882,1.946
1.9899,5.9402,2.322,3.763,2.0467,2.058,1.9216,2.0182,1.9318
1.9794,5.9042,2.3302,3.7703,2.0617,2.059,1.9113,1.9906,1.9263
1.9786,5.9081,2.2869,3.9018,2.0461,2.052,1.9344,2.044,1.9553
1.9789,5.9122,2.3064,3.9062,2.0724,2.0329,1.9388,2.0149,1.9086
1.9655,5.8952,2.2569,3.8221,2.0273,2.0111,1.8866,2.0126,1.9065
2.0336,5.7736,2.2701,3.7857,2.0231,2.022,1.9072,2.044,1.9607
1.9782,5.7705,2.2478,3.781,2.0677,2.067,1.94,2.0338,1.9246
1.9839,5.7041,2.289,3.781,2.0685,2.0176,1.9161,2.0482,1.964
2.0297,5.7621,2.3996,3.7781,2.058,2.1123,1.9234,2.0431,1.9589
2.0245,5.7337,2.367,3.7617,2.0868,2.0794,1.948,2.0775,1.9458
2.0072,5.7925,2.4715,3.8107,2.0724,2.0677,1.9373,2.0882,1.9936
2.0314,5.7513,2.44,3.8178,2.089,2.0331,1.9671,2.0678,2.0163
2.06,5.7063,2.4344,3.8113,2.0668,2.0792,1.9369,2.1006,2.0227
2.0446,5.7001,2.4226,3.8505,2.0731,2.0769,1.9617,2.1064,1.9642
2.052,5.7921,2.5006,3.836,2.0449,2.04,1.921,2.0908,1.9706
2.0603,5.7411,2.5485,3.8496,2.0696,2.022,1.9281,2.0748,1.9375
2.0461,5.7831,2.5344,3.9386,2.0816,2.0935,1.9463,2.0883,1.9851
2.1056,5.7625,2.5823,3.9662,2.0849,2.1216,1.9539,2.0864,1.9963
2.0832,5.7881,2.548,4.0329,2.0952,2.0649,1.9741,2.1376,2.0322
2.054,5.7672,2.5488,4.0236,2.0988,2.0618,1.9274,2.1344,1.9878
2.0363,5.6188,2.5759,3.9681,2.068,2.0528,1.9538,2.1057,2.0288
2.0229,5.7163,2.5434,3.9976,2.0843,2.0796,1.9477,2.0876,2.0106
2.0088,5.7181,2.5686,3.9773,2.0862,2.066,1.9255,2.0642,1.9923
1.9969,5.6135,2.5208,3.9592,2.0418,2.0641,1.9306,2.0749,2.0181
2.0087,5.5683,2.5041,3.9331,2.0467,2.0609,1.929,2.0487,1.9853
2.023,5.5966,2.5222,3.9212,2.0572,2.055,1.9191,2.0716,1.9951
2.0178,5.5234,2.4768,3.9419,2.0657,2.0755,1.9182,2.0685,2.0149
2.0502,5.5908,2.5094,3.9762,2.0826,2.063,1.9426,2.1267,2.0502
2.0622,5.5777,2.5134,4.0293,2.134,2.0875,1.9472,2.1204,2.0376
2.0371,5.6623,2.4998,3.9517,2.1324,2.1286,1.9594,2.1077,2.0025
2.0334,5.7647,2.5084,3.9571,2.0983,2.0531,1.9424,2.1449,2.0017
2.028,5.8062,2.4789,3.9509,2.1672,2.1062,1.9606,2.1581,2.0606
2.0446,5.762,2.6016,3.9238,2.1338,2.0993,1.9579,2.1327,2.0871
2.0332,5.7558,2.6161,3.9585,2.1411,2.0827,1.9675,2.1158,2.0819
2.1332,5.8048,2.6203,3.9383,2.155,2.091,1.9674,2.1812,2.0873
2.0971,5.7974,2.6298,3.9315,2.1421,2.1631,1.9979,2.1863,2.1271
2.0979,5.853,2.6421,3.9249,2.1945,2.1701,2.0085,2.182,2.1448
2.0781,5.8578,2.609,3.9097,2.1304,2.1747,1.9791,2.1657,2.1452
2.1506,5.7603,2.5445,3.8838,2.1744,2.1523,1.9978,2.1817,2.2057
2.1466,5.8769,2.5566,3.8401,2.1752,2.1419,1.9904,2.1817,2.0929
2.1601,5.8302,2.5414,3.8822,2.1731,2.1851,2.0059,2.1662,2.1019
2.1207,5.9215,2.5549,3.8354,2.1861,2.1322,1.9835,2.1796,2.1349
2.1411,5.8991,2.558,3.8713,2.1667,2.1687,1.9929,2.2072,2.121
2.1795,5.87,2.5637,3.9005,2.1572,2.156,1.9878,2.1987,2.1927
2.0837,6.0775,2.6364,3.8403,2.1903,2.1381,1.9837,2.1835,2.1116
2.0873,5.9709,2.6806,3.9221,2.1762,2.0832,1.9881,2.2062,2.1708
2.1621,5.8992,2.716,3.9321,2.1807,2.1576,1.997,2.2472,2.1308
2.1707,5.9005,2.6734,3.9258,2.244,2.1892,2.0129,2.214,2.162
2.1704,5.8632,2.6691,3.9409,2.2475,2.173,2.0196,2.2119,2.1699
2.1639,5.9554,2.6568,3.8902,2.2378,2.2004,2.0246,2.1981,2.1515
2.1714,5.9162,2.6696,3.8636,2.2223,2.1953,2.0229,2.2163,2.1786
2.1806,5.9686,2.6879,3.8466,2.1956,2.1797,2.0026,2.1952,2.1723
2.1467,5.9378,2.65,3.8013,2.2156,2.2242,1.9982,2.1841,2.1984
2.1887,5.9274,2.666,3.801,2.1738,2.1752,2.0014,2.1958,2.2082
2.0857,5.8144,2.6553,3.7529,2.198,2.1716,1.9685,2.2011,2.1508
2.1123,5.755,2.6586,3.7366,2.1611,2.1566,1.9741,2.1857,2.1388
2.0991,5.7504,2.7405,3.7506,2.1939,2.174,1.9855,2.1929,2.1603
2.0759,5.7199,2.6859,3.7264,2.19,2.1288,1.9865,2.144,2.1485
2.0766,5.706,2.6681,3.7132,2.1951,2.1532,1.9623,2.1413,2.1308
2.0797,5.7169,2.6645,3.6925,2.1694,2.1571,1.962,2.1144,2.1591
2.0188,5.6975,2.6229,3.7332,2.1577,2.1161,1.9829,2.17,2.1701
2.0738,5.6991,2.6648,3.7636,2.2001,2.1424,2.0097,2.148,2.1773
2.069,5.7337,2.6817,3.7818,2.1971,2.1391,1.9869,2.1967,2.2462
2.1537,5.7276,2.7056,3.8412,2.2121,2.1696,2.0009,2.2004,2.1832
2.138,5.6982,2.7227,3.849,2.217,2.1839,2.0085,2.2039,2.2536
2.099,5.7482,2.7055,3.8079,2.2016,2.1755,2.0017,2.1898,2.2218
2.0927,5.7969,2.6814,3.8509,2.2287,2.1684,2.0214,2.2456,2.1991
2.0833,5.7925,2.7081,3.8596,2.2142,2.2179,1.9987,2.2014,2.2242
2.1399,5.7762,2.7489,3.8363,2.2481,2.2289,2.0411,2.22,2.2279
2.1055,5.8342,2.7809,3.9104,2.2259,2.2108,2.0166,2.2642,2.2554
2.11,5.7782,2.767,3.9459,2.2722,2.225,2.0043,2.2064,2.2363
2.0711,5.7339,2.7469,3.9504,2.2389,2.1733,2.0396,2.2228,2.2492
2.0635,5.5902,2.7051,3.8661,2.2475,2.2233,2.0393,2.2246,2.2935
2.1456,5.5372,2.7913,3.8996,2.2747,2.2485,2.0283,2.253,2.256
2.2128,5.5382,2.7236,3.9546,2.2957,2.2708,2.0468,2.2441,2.246
2.0642,5.6035,2.7604,3.9194,2.3095,2.2084,2.0235,2.3004,2.2292
2.1147,5.6079,2.7437,3.9122,2.319,2.275,2.0134,2.3118,2.2241
2.1573,5.5814,2.7289,3.8864,2.3036,2.2721,2.0251,2.2283,2.2915
2.2024,5.5684,2.8317,4.0341,2.3378,2.3443,2.0779,2.2412,2.3208
2.1995,5.651,2.879,4.095,2.3881,2.3428,2.1031,2.3131,2.2591
2.2323,5.6707,2.8773,4.1456,2.365,2.3569,2.0846,2.3105,2.3553
2.194,5.7718,2.9142,4.1639,2.3993,2.3354,2.1059,2.3141,2.2996
2.2422,5.7322,2.8812,4.0727,2.3853,2.3615,2.0833,2.3376,2.3021
2.217,5.5965,2.9313,4.1179,2.3478,2.3044,2.0715,2.271,2.2886
2.2255,5.638,2.8696,4.0572,2.3373,2.309,2.078,2.2898,2.292
